objectid,filename,youtubeid,title,creator,date,description,subject,location,latitude,longitude,identifier,source,type,format,language,rights,rightsstatement
1,birikim.pdf,,Mehmet Genç,Digital Ottoman Studies,2021-04-03,Vefatının ardından Adnan Ekşigil tarafından Birikim dergisinde hakkında yazılanlar.,Vefayat;Adnan Ekşigil,,,,MG-1,Birikim Güncel,Döküman,application/pdf,tr,https://www.acikgazete.com/buruk-olumler/,
2,derintarih.pdf,,Mehmet Genç,Digital Ottoman Studies,2021-04,Vefatının ardından Mustafa Özel tarafından Derin Tarih dergisinde hakkında yazılanlar.,Vefayat;Mustafa Özel,,,,MG-2,Derin Tarih,Döküman,application/pdf,tr,,
3,diken.pdf,,Mehmet Genç,Digital Ottoman Studies,2021-03-19,Vefatının ardından Prof. Dr. Ayhan Aktar tarafından Diken dergisinde hakkında yazılanlar.,Vefayat;Ayhan Aktar,,,,MG-3,Diken,Döküman,application/pdf,tr,http://www.diken.com.tr/hac-yolunda-bir-karinca-mehmet-gencin-ardindan/,
4,gercekhayat.pdf,,Mehmet Genç,Digital Ottoman Studies,2016-01-18,2016 yılında Ayçe Örer tarafından hazırlanmış portre,Portre;Ayçe Örer,,,,MG-4,Gerçek Hayat,Döküman,application/pdf,tr, http://www.gercekhayat.com.tr/portre/ilim-yolunda-bir-karinca/,
5,kriter.pdf,,Mehmet Genç,Digital Ottoman Studies,2021-04,Vefatının ardından Asım Öz tarafından Kriter dergisinde hakkında yazılanlar.,Vefayat;Asım Öz,,,,MG-5,Kriter,Döküman,application/pdf,tr,https://kriterdergi.com/iktisat-tarihinde-bir-muctehit-mehmet-genc,
6,msak.pdf,,Mehmet Genç,Digital Ottoman Studies,2021-03-20,Vefatının ardından İskender Öksüz tarafından MSAK dergisinde hakkında yazılanlar.,Vefayat;İskender Öksüz,,,,MG-6,Milli Strateji Araştırma Kurulu,Döküman,application/pdf,tr,https://millidusunce.com/misak/bir-omrun-adandigi-soru-osmanli-nasil-yukseldi/,
7,star.pdf,,Mehmet Genç,Digital Ottoman Studies,2021-04-16,Vefatının ardından Köln Başkonsolosluğu Eğitim Ataşesi Mustafa Gençer tarafından Star Gazetesi'nde hakkında yazılanlar.,Vefayat;Mustafa Gençer,,,,MG-7,Star Gazetesi,Döküman,application/pdf,tr,https://m.star.com.tr/acik-gorus/her-kagidin-iki-yuzu-vardir-haber-1623708/,
8,ulkuyaz.pdf,,Mehmet Genç,Digital Ottoman Studies,2021-03-21,Vefatının ardından Kenan Eroğlu tarafından Ülkücü Yazarlar Derneği web sitesinde hakkında yazılanlar.,Vefayat;Kenan Eroğlu,,,,MG-8,Ülkücü Yazarlar Derneği,Döküman,application/pdf,tr,https://www.ulkuyaz.org.tr/kenan-eroglu-mehmet-genc-hocanin-ardindan/,
9,yenisafak.pdf,,Mehmet Genç,Digital Ottoman Studies,2021-03-29,Vefatının ardından Yasin Aktay tarafından Yeni Şafak Gazetesi'nde hakkında yazılanlar.,Vefayat;Yasin Aktay,,,,MG-9,Yeni Şafak,Döküman,application/pdf,tr,https://www.yenisafak.com/yazarlar/yasin-aktay/mehmet-genc-hocanin-ardindan-bir-akademi-muhasebesi-2058043,
10,kitapdergisi.pdf,,Mehmet Genç,Digital Ottoman Studies,,Vefatının ardından Kitap Dergisi'nde hakkında yazılanlar.,Vefayat,,,,MG-10,Kitap Dergisi,Döküman,application/pdf,tr,http://www.gundogan.com/kitapdergisi/MAKALE.asp?HABERID=122,
11,gümrük.pdf,,Mehmet Genç,Digital Ottoman Studies,1985,Osmanlı Devletinde İç Gümrük Rejimi,Ansiklopedi Maddesi;İktisat;Ticaret,İstanbul,41.1292562,28.88335172,MG-11,"Tanzimat'tan Cumhuriyet'e Türkiye Ansiklopedisi, İletişim Yayınları, 3: 786-790",Döküman,application/pdf,tr,http://www.gundogan.com/kitapdergisi/MAKALE.asp?HABERID=123,
12,esham.pdf,,Mehmet Genç,Digital Ottoman Studies,1995,Esham,Ansiklopedi Maddesi;İktisat;Maliye;Vergi,İstanbul,41.1292562,28.88335172,MG-12,"TDV İslam Ansiklopedisi, 11: 376-380",Döküman,application/pdf,tr,https://islamansiklopedisi.org.tr/esham,
13,osmanlı.pdf,,Mehmet Genç,Digital Ottoman Studies,1999,18. Yüzyılda Osmanlı Sanayiinde Değişmeler ve Devletin Rolü,Ansiklopedi Maddesi;İktisat;Sanayii;18.Yy,Ankara,39.9753847,32.75741589,MG-13,"Güler Eren ed. Osmanlı Ansiklopedisi, 3: 263-268",Döküman,application/pdf,tr,,
14,iltizam.pdf,,Mehmet Genç,Digital Ottoman Studies,2000,İltizam,Ansiklopedi Maddesi;İktisat;Maliye;Vergi,İstanbul,41.1292562,28.88335172,MG-14,"TDV İslam Ansiklopedisi, 22: 154-158",Döküman,application/pdf,tr,https://islamansiklopedisi.org.tr/iltizam--vergi,
15,malikane.pdf,,Mehmet Genç,Digital Ottoman Studies,2003,Malikane,Ansiklopedi Maddesi;İktisat;Maliye;Vergi,İstanbul,41.1292562,28.88335172,MG-15,"TDV İslam Ansiklopedisi, 27: 516-518",Döküman,application/pdf,tr,https://islamansiklopedisi.org.tr/malikane,
16,malikanedivani.pdf,,Mehmet Genç,Digital Ottoman Studies,2003,Malikane Divani,Ansiklopedi Maddesi;İktisat;Maliye;Vergi,Ankara,39.9753847,32.75741589,MG-16,"TDV İslam Ansiklopedisi, 27: 518-519",Döküman,application/pdf,tr,https://islamansiklopedisi.org.tr/malikane-divani,
17,nazır.pdf,,Mehmet Genç,Digital Ottoman Studies,2006,Nazır,Ansiklopedi Maddesi;Devlet;Bürokrasi;Yönetim,İstanbul,41.1292562,28.88335172,MG-17,"TDV İslam Ansiklopedisi, 32: 449-450",Döküman,application/pdf,tr,https://islamansiklopedisi.org.tr/nazir#2-osmanlilarda,
18,mukataa.pdf,,Mehmet Genç,Digital Ottoman Studies,2006,Mukataa,Ansiklopedi Maddesi;İktisat;Maliye;Vergi,İstanbul,41.1292562,28.88335172,MG-18,"TDV İslam Ansiklopedisi, 31: 129-132",Döküman,application/pdf,tr,https://islamansiklopedisi.org.tr/mukataa,
19,osmanlılar.pdf,,Mehmet Genç,Digital Ottoman Studies,2007,Osmanlılar: İktisadî ve Ticarî Yapı,Ansiklopedi Maddesi;İktisat;Ticaret,İstanbul,41.1292562,28.88335172,MG-19,"TDV İslam Ansiklopedisi, 33: 525-532",Döküman,application/pdf,tr,https://islamansiklopedisi.org.tr/osmanlilar#9-iktisadi-ve-ticari-yapi-normal,
20,yedivahid.pdf,,Mehmet Genç,Digital Ottoman Studies,2013,Yed-i Vahid,Ansiklopedi Maddesi;İktisat;Maliye;Vergi,İstanbul,41.1292562,28.88335172,MG-20,"TDV İslam Ansiklopedisi, 43: 378-383",Döküman,application/pdf,tr,https://islamansiklopedisi.org.tr/yed-i-vahid,
21,encyclopaedia.pdf,,Mehmet Genç,Digital Ottoman Studies,2009,Economy and Economic Policy,Ansiklopedi Maddesi;İktisat;İktisadi Politika,New York,40.71973899,-73.98783181,MG-21,"Gabor Agoston and Bruce Master ed. Encyclopaedia of the Ottoman Empire, Facts on File 192-195",Döküman,application/pdf,eng,,
22,review.pdf,,Mehmet Genç,Digital Ottoman Studies,1988,"Review: Katsumi Fukasawa, Toilerie et Commerce du Levant au XVIII Siècle d'Alep à Marseille",Kitap Değerlendirmesi;Ticaret;Akdeniz;Şehirler;Halep;Marsilya;Yüzyıllar;18.Yy,İstanbul,41.1292562,28.88335172,MG-22,Türk-Arab İlişkileri İncelemeleri Yıllığı: 191-196,Döküman,application/pdf,eng,,
23,modern.pdf,,Mehmet Genç,Digital Ottoman Studies,2014,Modern İktisadi Büyüme Karşısında Osmanlı Sistemi ve Ekonomisi,Makale;İktisat;Dönemler;Modern,,,,MG-23,"Türkiye Günlüğü, 119: 5-15",Döküman,application/pdf,tr,,
24,vakıf.pdf,,Mehmet Genç,Digital Ottoman Studies,2014,Klasik Osmanlı Sosyal-İktisadî Sistemi ve Vakıflar,Makale;İktisat;İktisadi Sistem;Toplum;Vakıflar;Dönemler;Klasik,,,,MG-24,"Vakıflar Dergisi, 42: 9-18",Döküman,application/pdf,tr,,
25,iktisadi.pdf,,Mehmet Genç,Digital Ottoman Studies,1999,19. Yüzyılda Osmanlı İktisadî Dünya Görüşünün Klasik Prensiplerindeki Değişmeler,Makale;İktisat;İktisadi Düşünce;Dönemler;Modern;Yüzyıllar;19.Yy.,,,,MG-25,"Divan: Disiplinlerarası Çalışmalar Dergisi, 6: 1-8",Döküman,application/pdf,tr,,
26,guerre.pdf,,Mehmet Genç,Digital Ottoman Studies,1995,L'Économie Ottomane et la Guerre au XVIII e Siècle,Makale;İktisat;Devlet;Savaş;Yüzyıllar;18.Yy.,,,,MG-26,"Turcica, 27: 177-196",Döküman,application/pdf,fr,,
27,talid.pdf,,Mehmet Genç,Digital Ottoman Studies,2003,Osmanlı’da Devlet ve Ekonomi Üzerine,Makale;İktisat;Devlet,İstanbul;TALİD,41.1292562,28.88335172,MG-27,"Türkiye Araştırmaları Literatür Dergisi, 1/1: 369-384",Döküman,application/pdf,tr,,
28,makale.jpg,,Mehmet Genç,Digital Ottoman Studies,1991,18. Yüzyılda Osmanlı Sanayii,Makale;İktisat;Sanayii;Yüzyıllar;18.Yy.,,,,MG-28,"Toplum ve Ekonomi, 2: 99-124",Görüntü,image/jpg,tr,,
29,saray.pdf,,Mehmet Genç,Digital Ottoman Studies,2012,19. Yüzyılın Ortalarında Osmanlı Ekonomisi,Makale;İktisat;Dönemler;Modern;Yüzyıllar;19.Yy.,,,,MG-29,"Milli Saraylar Sanat Tarih Mimarlık Dergisi, 10: 11-21",Döküman,application/pdf,tr,,
30,esnaf.pdf,,Mehmet Genç,Digital Ottoman Studies,2011,Tarihimizde Ticaret Ahlakının Kurumsal Gelişimi: Osmanlı’da Esnaf Teşkilatları,Makale;Ticaret;Ticaret Ahlakı;Esnaf,,,,MG-30,"Kırmızı Beyaz Hayat Kültür Dergisi, 10: 7-13",Döküman,application/pdf,tr,,
31,ilke.pdf,,Mehmet Genç,Digital Ottoman Studies,1989,Osmanlı İktisadî Dünya Görüşünün İlkeleri,Makale;İktisat;İktisadi Düşünce,,,,MG-31,"İstanbul Üniversitesi Edebiyat Fakültesi Sosyoloji Dergisi, 3/1: 175-185",Döküman,application/pdf,tr,,
32,makale.jpg,,Mehmet Genç,Digital Ottoman Studies,1988,18. Yüzyılda Türkiye’den Fransa’ya Yapılan Pamuklu İhracatı ile İlgili Bir Araştırma Hakkında Düşünceler,Makale;Ticaret;İhracat;Pamuk;Ülkeler;Fransa,,,,MG-32,"Türk Dünyasını Araştırmaları Dergisi, 57: 152-156",Görüntü,image/jpg,tr,,
33,makale.jpg,,Mehmet Genç,Digital Ottoman Studies,1981-02,18. Yüzyıla Ait Osmanlı Mali Verilerinin İktisadi Faaliyetin Göstergesi Olarak Kullanılabilirliği Üzerinde Bir Çalışma,Makale;İktisat;İktisadi Faaliyet;Maliye;Yüzyıllar;18.Yy.,,,,MG-33,"Türk Dünyası Araştırmaları Dergisi, 2/10: 33-77",Görüntü,image/jpg,tr,,
34,makale.jpg,,Mehmet Genç,Digital Ottoman Studies,1987,17-19. Yüzyıllarda Sanayi ve Ticaret Merkezi Olarak Tokat,Makale;Ticaret;İktisat;Sanayii;Şehirler;Tokat;Yüzyıllar;17.Yy.;19.Yy.,,,,MG-34,"Türklük Araştırma Dergisi, 3: 35-56",Görüntü,image/jpg,tr,,
35,makale.jpg,,Mehmet Genç,Digital Ottoman Studies,1984-05,18. Yüzyılda Osmanlı Ekonomisi ve Savaş,Makale;İktisat;Devlet;Savaş;Yüzyıllar;18.Yy.,,,,MG-35,"Yapıt, Toplumsal Araştırmalar Dergisi, 49, Mayıs: 52-61",Görüntü,image/jpg,tr,,
36,makale.jpg,,Mehmet Genç,Digital Ottoman Studies,1984,18. Yüzyılda Osmanlı Ekonomisi ve Savaş,Makale;İktisat;Devlet;Savaş;Yüzyıllar;18.Yy.,,,,MG-36,"Yapıt, Toplumsal Araştırmalar Dergisi, 50: 86-93",Görüntü,image/jpg,tr,,
37,makale.jpg,,Mehmet Genç,Digital Ottoman Studies,1998-10,İki İmparatorluğun Başkenti,Makale;Şehirler;İstanbul,İstanbul,41.1292562,28.88335172,MG-37,"İstanbullu, 12-14",Görüntü,image/jpg,tr,,
38,commerce.pdf,,Mehmet Genç,Digital Ottoman Studies,2001,Contrôle et Taxation du Commerce du Café dans l’Empire Ottoman fin XVIIe—Première Moitié du XVIIIe Siècle,Kitap Bölümü;İktisat;Maliye;Vergi;Ticaret;Kahve;Yüzyıllar;17.Yy.;18.Yy.,"Mısır,Kahire",30.28545304,31.24917571,MG-38,"Michel Tuchscherer ed. Le Commerce du Café: Avant l’ére des Plantations Coloniales Espaces, Réseaux, Sociétés (XVe-XIXe Siécle): 161-179",Döküman,application/pdf,fr,,
39,anatomi.jpg,,Mehmet Genç,Digital Ottoman Studies,1995,"Osmanlı’da Zanaat, Ahlâk ve İktisat İlişkisi",Kitap Bölümü;İktisat;İktisadi Düşünce;Ticaret;Zanaat,İstanbul,41.1292562,28.88335172,MG-39,"Anatomi Dersleri: Osmanlı Kültürü, Yapı Kredi Yayınları, 106-145 ",Görüntü,image/jpg,fr,,
40,industry.pdf,,Mehmet Genç,Digital Ottoman Studies,1994,"Ottoman Industry in the Eighteenth Century: General Framework, Characteristics and Main Trends",Kitap Bölümü;İktisat;Sanayii;Yüzyıllar;18.Yy.,New York,40.71973899,-73.98783181,MG-40,"Donald Quataert ed., Manufacturing in the Ottoman Empire and Turkey (1500-1950), State University of New York Press, 59-86 ",Döküman,application/pdf,eng,,
41,yorum.pdf,,Mehmet Genç,Digital Ottoman Studies,1986,Tarih Araştırmaları Üzerine Yorum,Kitap Bölümü;Tarihçilik,Ankara,39.9753847,32.75741589,MG-41,"Sevil Atauz ed., Türkiye'de Sosyal Bilim Araştırmalarının Gelişimi, Türk Sosyal Bilimler Derneği Yayınları, 439-446",Döküman,application/pdf,tr,,
42,feasibility.pdf,,Mehmet Genç,Digital Ottoman Studies,1987,A Study of the Feasibility of Using Eighteenth-century Ottoman Financial Records as an Indicator of Economic Activity,Kitap Bölümü;İktisat;Yüzyıllar;18.Yy.,Cambridge,52.21079386,0.1227536308,MG-42,"Huri İslamoğlu-İnan ed., The Ottoman Empire and the World-Economy, Cambridge University Press, p. 345-373",Döküman,application/pdf,eng,,
43,tarihsel.jpg,,Mehmet Genç,Digital Ottoman Studies,2008,Tarihsel Sosyoloji Üzerine Söyleşi,Kitap Bölümü;Tarihçilik;Tarihsel Sosyoloji,Ankara,39.9753847,32.75741589,MG-43,"Elizabeth Özdalga ed., Tarihsel Sosyoloji, 63-96",Döküman,application/pdf,tr,,
44,deli.pdf,,Mehmet Genç,Digital Ottoman Studies,2011,Tarihimize Giydirilen Deli Gömleği: Osmanlı Tarihinde Dönemlendirme Meselesi,Kitap Bölümü;Tarihçilik;Dönemlendirme,İstanbul,41.1292562,28.88335172,MG-44,"Mustafa Armağan ed., Osmanlı Tarihini Yeniden Yazmak Gerileme Paradigmasının Sonu, Timaş Yayınları, 319-326",Döküman,application/pdf,tr,,
45,kültürler.jpg,,Mehmet Genç,Digital Ottoman Studies,2010,Klasik Osmanlı İktisadî Sisteminde İstanbul’un Yeri,Kitap Bölümü;İktisat;İktisadi Sistem;Şehirler;İstanbul;Dönemler;Klasik,İstanbul,41.1292562,28.88335172,MG-45,"Kültür Başkenti İstanbul, Türk Kültürüne Hizmet Vakfı Yayınları, 224-231",Görüntü,image/jpg,tr,,
46,dört.pdf,,Mehmet Genç,Digital Ottoman Studies,2006,Yaptıklarım Yapacaklarımın Yan Ürünüdür,Kitap Bölümü;Tarihçilik,İstanbul,41.1292562,28.88335172,MG-46,"Türk Tarihçiliğinde Dört Sima, Timaş Yayınları, 249-254.",Döküman,application/pdf,tr,,
47,gezinti.pdf,,Mehmet Genç,Digital Ottoman Studies,2004,İktisat Tarihi Bakımından Osmanlı Arşivinde Kısa Bir Gezinti,Kitap Bölümü;İktisat;Tarihçilik;Kaynaklar;Arşiv,İstanbul,41.1292562,28.88335172,MG-47,"Ertan Eğribel, Ufuk Özcan ed., Sosyoloji Yıllığı, Kitap 11, Baykan Sezer’e Armağan: Baykan Sezer ve Türk Sosyolojisi, 287-294",Döküman,application/pdf,tr,,
48,reforms.pdf,,Mehmet Genç,Digital Ottoman Studies,2000,State and the Economy in the Age of Reforms: Continuity and Change,Kitap Bölümü;İktisat;Devlet;Reform,Leiden,52.16014932,4.491806876,MG-48,"Kemal H. Karpat ed., Ottoman Past and Today’s Turkey, Brill, Leiden, Boston, Köln, 180-187.",Döküman,application/pdf,tr,,
49,devlet.jpg,,Mehmet Genç,Digital Ottoman Studies,2000,Osmanlı İmparatorluğu'nda Devlet ve Ekonomi,Kitap;İktisat;Devlet,İstanbul,41.1292562,28.88335172,MG-49,Ötüken Yayınları,Görüntü,image/jpg,tr,,
50,konuşmalar.jpg,,Mehmet Genç,Digital Ottoman Studies,2021,Osmanlı Ekonomisine Dair Konuşmalar I,Kitap;İktisat,İstanbul,41.1292562,28.88335172,MG-50,Ötüken Yayınları,Görüntü,image/jpg,tr,,
51,deprem.jpg,,Mehmet Genç,Digital Ottoman Studies,2001,İstanbul depremleri - Fotoğraf ve Belgelerle 1894 Depremi,Kitap;Doğal Afet;Deprem;Şehirler;İstanbul;Dönemler;Modern;Yüzyıllar;19.Yy.,İstanbul,41.1292562,28.88335172,MG-51,İgdaş,Görüntü,image/jpg,tr,,
52,bütçeler1.jpg,,Mehmet Genç,Digital Ottoman Studies,2006,Osmanlı Maliyesi Kurumlar ve Bütçeler-1 ,Kitap;İktisat;Maliye;Kurumlar;Bütçe,İstanbul,41.1292562,28.88335172,MG-52,Osmanlı Bankası Arşiv ve Araştırma Merkezi,Görüntü,image/jpg,tr,,
53,bütçeler1ve2.jpeg,,Mehmet Genç,Digital Ottoman Studies,2006,Osmanlı Maliyesi Kurumlar ve Bütçeler-2,Kitap;İktisat;Maliye;Kurumlar;Bütçe,İstanbul,41.1292562,28.88335172,MG-53,Osmanlı Bankası Arşiv ve Araştırma Merkezi,Görüntü,image/jpg,tr,,
54,çeviri.jpg,,Mehmet Genç,Digital Ottoman Studies,2013,"Ahmed Djevad, Yabancılara Göre Eski Türkler",Çeviri;Toplum;Türkler;Yabancılar;Kişiler;Ahmed Djevad,İstanbul,41.1292562,28.88335172,MG-54,Kitabevi Yayınları,Görüntü,image/jpg,tr,,
55,bildiri.jpg,,Mehmet Genç,Digital Ottoman Studies,1997-10-09,"Le Commerce du Café, Son Contrôl et Sa Taxation Dans l’Empire Otoman Entre la fi du 17éme Siècle Début du 18éme Siècle",Bildiri;İktisat;Maliye;Vergi;Ticaret;Kahve;Yüzyıllar;17.Yy.;18.Yy.,"Fransa,Montpellier",43.62167572,3.848075907,MG-55,"Le Café avant l’ère des Plantations Coloniales Espaces et Réseaux, Sociétés (XVe-XVIIIe siècles)",Görüntü,image/jpg,fr,,
56,ibb.jpg,,Mehmet Genç,Digital Ottoman Studies,1997,İstanbul’un Fethi: İktisadi Sonuçları,Bildiri;İktisat;Devlet;Fetih;Şehirler;İstanbul,İstanbul,41.1292562,28.88335172,MG-56,"İkinci Uluslararası İstanbul’un Fethi Konferansı, 30-31 Mayıs, 1 Haziran 1997, Bildiriler: İBB Kültür İşleri Daire Başkanlığı Yayınları, 199-203",Görüntü,image/jpg,tr,,
57,ibb.jpg,,Mehmet Genç,Digital Ottoman Studies,1997,Genel Değerlendirme,Bildiri;Değerlendirme,İstanbul,41.1292562,28.88335172,MG-57,"İkinci Uluslararası İstanbul’un Fethi Konferansı, 30-31 Mayıs, 1 Haziran 1997, Bildiriler: İBB Kültür İşleri Daire Başkanlığı Yayınları, 310-313",Görüntü,image/jpg,tr,,
58,zekat.pdf,,Mehmet Genç,Digital Ottoman Studies,2017,İktisadî Açıdan Osmanlı’da Zekât Uygulamaları ,Bildiri;İktisat;Zekat,İstanbul,41.1292562,28.88335172,MG-58,"Tarihte ve Günümüzde Zekât Uygulamaları Milletlerarası Tartışmalı İlmî Toplantı, 03-04 Aralık 2016, Ensar Neşriyat, 255-261",Döküman,application/pdf,tr,,
59,kalkınma.pdf,,Mehmet Genç,Digital Ottoman Studies,1987,Kalkınma Meselemize Tarihî Yaklaşım,Bildiri;İktisat;İktisadi Büyüme;Kalkınma,İstanbul,41.1292562,28.88335172,MG-59,"İktisadi Kalkınma ve İslam, İslami Araştırma Vakfı Yayınları, 211-221",Döküman,application/pdf,tr,,
60,neden.pdf,,Mehmet Genç,Digital Ottoman Studies,1997,Neden Fetih?,Bildiri;Devlet;Fetih;Şehirler;İstanbul,İstanbul,41.1292562,28.88335172,MG-60,"Birinci Uluslararası İstanbul’un Fethi Konferansı, 24-25 Mayıs 1996, Bildiriler: İBB Kültür İşleri Daire Başkanlığı Yayınları, 96-98",Döküman,application/pdf,tr,,
61,ibb1.jpg,,Mehmet Genç,Digital Ottoman Studies,1997,Genel Değerlendirme,Bildiri;Değerlendirme,İstanbul,41.1292562,28.88335172,MG-61,"Birinci Uluslararası İstanbul’un Fethi Konferansı, 24-25 Mayıs 1996, Bildiriler: İBB Kültür İşleri Daire Başkanlığı Yayınları, 219-222",Görüntü,image/jpg,tr,,
62,milletlerarası.jpg,,Mehmet Genç,Digital Ottoman Studies,1990,Osmanlı İmparatorluğunda Devlet ve Ekonomi,Bildiri;İktisat;Devlet,İstanbul,41.1292562,28.88335172,MG-62,"V. Milletlerarası Türkiye Sosyal ve İktisat Tarihi Kongresi,  21-25 Ağustos 1989, Tebliğler: TTK Yayınları, 13-25",Görüntü,image/jpg,tr,,
63,arşiv.jpg,,Mehmet Genç,Digital Ottoman Studies,1985-05,Osmanlı Arşivlerinden Yararlanma Yöntemi,Bildiri;Tarihçilik;Kaynaklar;Arşiv,İstanbul,41.1292562,28.88335172,MG-63,"Osmanlı Arşivleri ve Osmanlı Araştırmaları Sempozyumu (Mayıs 1985), Türk-Arap İlişkileri İncelemeleri Vakfı, 155-162",Görüntü,image/jpg,tr,,
64,deniz.pdf,,Mehmet Genç,Digital Ottoman Studies,2011,İktisat ve Deniz Ticaret Tarihinde Doğu Akdeniz ve Mersin’e Nasıl Yaklaşılmalı?,Bildiri;İktisat;Ticaret;Deniz Ticareti;Akdeniz;Tarihçilik;Şehirler;Mersin,Mersin;Mersin Üniversitesi,36.88131219,34.57471452,MG-64,"Fevzi Demir ed. Açılış Konuşması, Türk Deniz Ticareti Tarihi Sempozyumu III Mersin ve Doğu Akdeniz 7-8 Nisan 2011, Bildiriler Kitabı, Mersin Üniversitesi, 8-12",Döküman,application/pdf,tr,,
65,ahi.jpg,,Mehmet Genç,Digital Ottoman Studies,1986,Osmanlı Esnafı ve Devletle İlişkileri,Bildiri;Ticaret;Esnaf;Devlet,İstanbul,41.1292562,28.88335172,MG-65,"Ahilik ve Esnaf: Konferanslar ve Seminer, Metinler-Tartışmalar, İstanbul Esnaf ve Sanatkarlar Dernekleri Birliği Yayınları, 113-124",Görüntü,image/jpg,tr,,
66,ıtri.pdf,,Mehmet Genç,Digital Ottoman Studies,2013,Osmanlı’da 17. Yüzyılın Sosyal ve Siyasal Yapısında Değişmeler,Bildiri;Toplum;Devlet;Yüzyıllar;17.Yy.,İstanbul,41.1292562,28.88335172,MG-66,"Itri ve Dönemine Disiplinlerarası Bakışlar, İKSV ve OMAR, 13-18",Döküman,application/pdf,tr,,
67,erol.jpg,,Mehmet Genç,Digital Ottoman Studies,2009,Örnek Bir Aydın Olarak Erol Güngör,Bildiri;Kişiler;Erol Güngör,İstanbul,41.1292562,28.88335172,MG-67,"Kültür Ocağında Bir Mütefekkir Erol Güngör, Koçav Yayınları,231-234 ",Görüntü,image/jpg,tr,,
68,trend.jpg,,Mehmet Genç,Digital Ottoman Studies,1994-08,"Ottoman Industry in the Eighteenth Century: General Framework, Characteristics, and Main Trends",Bildiri;İktisat;Sanayii;Yüzyıllar;18.Yy.,"ABD,New York;Suny Press",42.6504447,-73.75279178,MG-68,"Donald Quataert ed., Manufacturing in the Ottoman Empire and Turkey, 1500-1950, New York;Suny Press",Görüntü,image/jpg,eng,,
69,bildiri.jpg,,Mehmet Genç,Digital Ottoman Studies,2011,Ömer Lütfi Barkan,Bildiri;Kişiler;Ömer Lütfi Barkan,Ankara;TTK,39.93111335,32.85618695,MG-69,"Mehmet Öz ed., Cumhuriyet Döneminde Türkiye`de Tarihçilik ve Tarih Yayıncılığı Sempozyumu (Bildiriler), Türk Tarih Kurumu Yayınları, 18-20 Mart 2010",Görüntü,image/jpg,tr,,
70,bildiri.jpg,,Mehmet Genç,Digital Ottoman Studies,1975,Osmanlı Maliyesinde Malikâne Sistemi,Bildiri;İktisat;Maliye;Vergi;Malikane Sistemi,Ankara,39.9753847,32.75741589,MG-70," Osman Okyar-Ünal Nalbantoğlu ed., Türkiye İktisat Tarihi Semineri, Metinler/Tartışmalar (8-l0 Temmuz 1973), Hacettepe Üniversitesi Yayınları, 231-296",Görüntü,image/jpg,tr,,
71,bildiri.jpg,,Mehmet Genç,Digital Ottoman Studies,1996,Aya Mavra in the Beginning of the Eighteenth Century,Bildiri;Şehirler;Aya Mavra;Yüzyıllar;18.Yy.,"Yunanistan,Atina",38.03419954,23.74015979,MG-71,"From the Local to Global History. The Xemple of Lefkada, 15-19th centuries, Proceedings of IV Conference of Ionian Islands Civilization (Aya Mavra 8-12 Sept. 1993), Conference dedicated to Panos G. Rontoyannis, 65-74",Görüntü,image/jpg,gre,,
72,bildiri.jpg,,Mehmet Genç,Digital Ottoman Studies,2008,Osmanlı Dünyasında Dilencilik,Bildiri;Toplum;Dilencilik,İstanbul,41.1292562,28.88335172,MG-72,"Suvat Parin ed., Bir Kent Sorunu: Dilencilik Tebliğler Kitabı, İBB Zabıta Daire Başkanlığı, 13-15",Görüntü,image/jpg,tr,,
73,bildiri.jpg,,Mehmet Genç,Digital Ottoman Studies,1997,XV. ve XVI Yüzyıllarda Osmanlı Devleti’nin İç ve Dış Ticareti,Bildiri;Ticaret;İhracat;İç Ticaret;Dönemler;Klasik;Yüzyıllar;15.Yy;16.Yy,İstanbul,41.1292562,28.88335172,MG-73,"XV. ve XVI. Asırları Türk Asrı Yapan Değerler, 395-408",Görüntü,image/jpg,tr,,
74,bildiri.jpg,,Mehmet Genç,Digital Ottoman Studies,2009,Devlet ve Girişimciler,Bildiri;Ticaret;Girişimcilik;Devlet,Konya,37.89835968,32.49418867,MG-74,"Abdullah Ecevit Öksüz ed., Anadolu’da Girişimcilik Kültürü Sempozyumu Tebliğ Kitabı",Görüntü,image/jpg,tr,,
75,bildiri.jpg,,Mehmet Genç,Digital Ottoman Studies,1987,Entreprises d'état et Attitude Politique dans l'Industrie Ottomane au XVIIIe Siècle,Bildiri;İktisat;Sanayii;Ticaret;Girişimcilik;Yüzyıllar;18.Yy,,,,MG-75,"l' Accession de la Turquie à la Civilisation Indusrielle, Facteurs Internes. Actes du Colloque d'Istanbul, (2-4 December 1985), Editions ISIS, İstanbul-Paris, 5-12.",Görüntü,image/jpg,fr,,
76,bildiri.jpg,,Mehmet Genç,Digital Ottoman Studies,2001,Türkiye’de İktisadî Modernleşme Sürecine,Bildiri;İktisat;İktisadi Modernleşme;Ülkeler;Türkiye,İstanbul,41.1292562,28.88335172,MG-76,"Yorum, Modernleşme, İslam Dünyası ve Türkiye, 321-327",Görüntü,image/jpg,tr,,
77,mali.pdf,,Mehmet Genç,Digital Ottoman Studies,1980,18. yy'a Ait Osmanlı Mali Verilerinin İktisadi Faliyetin Göstergesi Olarak Kullanılabilirliği Üzerinde Bir Çalışma ,Bildiri;İktisat;İktisadi Faaliyet;Maliye;Yüzyıllar;18.Yy.,,,,MG-77,278-315,Döküman,application/pdf,gre,,
78,selim.jpg,,Mehmet Genç,Digital Ottoman Studies,2008-12-22,III. Selim’e Sunulan Layihalar Üzerine Düşünceler,Bildiri;Devlet;Bürokrasi;Kişiler;III. Selim;Tarihçilik;Kaynaklar;Yüzyıllar;18.Yy;19.Yy,"İstanbul,Altunizade;İSAM",41.02595399,29.03907871,MG-78,"Nizam-ı Kadim’den Nizam-ı Cedid’e: Ölümünün 200. Yılında III. Selim ve Dönemi Uluslararası Sempozyumu, İSAM",Görüntü,image/jpg,tr,,
79,seminer.jpg,,Mehmet Genç,Digital Ottoman Studies,1980,1860’larda Osmanlı Sanayisinin Problemleri ve Islah-ı Sanayi Komisyonu,Seminer;İktisat;Sanayii;Yüzyıllar;19.Yy,"İstanbul,Fatih;İstanbul Üniversitesi;Ziraat Bankası",41.01005056,28.96054028,MG-79,"İstanbul Üniversitesi, Siyasal Bilgiler Fakültesi ve Ziraat Bankası, Mithat Paşa Semineri",Görüntü,image/jpg,tr,,
80,seminer.jpg,,Mehmet Genç,Digital Ottoman Studies,1981,Osmanlı İmparatorluğunda 1700-1850 Arasında Sanayileşme Politikası ve Dış Ticaret,Seminer;İktisat;Sanayii;Sanayii Politikası;Ticaret;İhracat;Yüzyıllar;18.Yy;19.Yy.,"İstanbul,Bebek;Boğaziçi Üniversitesi",41.08477323,29.05092188,MG-80,"Boğaziçi Üniversitesi, Sanayileşme ve Dış Ticaret Semineri",Görüntü,image/jpg,tr,,
81,seminer.jpg,,Mehmet Genç,Digital Ottoman Studies,1984,Türkiye İktisat Tarihinde Tanzimatın Yeri,Seminer;Tarihçilik;İktisat Tarihçiliği;Tanzimat;Ülkeler;Türkiye,"İstanbul,Fatih;İstanbul Üniversitesi",41.01005056,28.96054028,MG-81,"Tanzimat Semineri, İstanbul Üniversitesi, Siyasal Bilgiler Fakültesi",Görüntü,image/jpg,tr,,
82,seminer.jpg,,Mehmet Genç,Digital Ottoman Studies,1996,Osmanlı İktisadi ve Sosyal Tarihinin Kaynağı Olarak Özel Muhasebe Defterleri,Seminer;Tarihçilik;İktisat Tarihçiliği;Kaynaklar;Arşiv,"İstanbul,Fatih;İstanbul Üniversitesi",41.01005056,28.96054028,MG-82,"İstanbul Üniversitesi Edebiyat Fakültesi, Türk Tarihinin Kaynakları Semineri",Görüntü,image/jpg,tr,,
83,seminer.jpg,,Mehmet Genç,Digital Ottoman Studies,1996-11-13,İktisat Tarihi Araştırmaları için Osmanlı Arşivi’nin Değeri,Seminer;Tarihçilik;İktisat Tarihçiliği;Kaynaklar;Arşiv,İstanbul,41.1292562,28.88335172,MG-83,Tarih Vakfı Arşiv Semineri,Görüntü,image/jpg,tr,,
84,seminer.jpg,,Mehmet Genç,Digital Ottoman Studies,1973-07-08,Osmanlı Maliyesinde Malikâne Sistemi,Seminer;İktisat;İktisadi Sistem;Maliye,"Ankara,Çankaya;Hacettepe Üniversitesi",39.87094089,32.73469016,MG-84,"Hacettepe Üniversitesi, Türkiye İktisat Tarihi Semineri, Metinler/Tartışmalar",Görüntü,image/jpg,tr,,
85,seminer.jpg,,Mehmet Genç,Digital Ottoman Studies,1977,19. Yüzyılın Ortalarında Osmanlı İktisat Politikasında Himayeci Gümrük Telakkisinin Doğuşu,Seminer;İktisat;İktisadi Politika;Maliye;Vergi;Dönemler;Modern;Yüzyıllar;19.Yy.,"Ankara,Çankaya;Hacettepe Üniversitesi",39.87094089,32.73469016,MG-85,"Hacettepe Üniversitesi, Uluslararası Türkiye İktisadi ve Sosyal Tarih Semineri",Görüntü,image/jpg,tr,,
86,seminer.jpg,,Mehmet Genç,Digital Ottoman Studies,2002-05-09,Osmanlı İktisadi Sisteminde Esnaf Loncalarının Fonksiyonu,Seminer;İktisat;İktisadi Sistem;Ticaret;Esnaf,"İstanbul,Fatih;İstanbul Üniversitesi",41.01005056,28.96054028,MG-86,"İstanbul Üniversitesi, seminer",Görüntü,image/jpg,tr,,
87,seminer.jpg,,Mehmet Genç,Digital Ottoman Studies,2002-07-22,Osmanlı İktisat Tarihi Üzerine 6 seminer,Seminer;Tarihçilik;İktisat Tarihçiliği,"Çanakkale,Adatepe;İstanbul Bilgi Üniversitesi",40.14576412,26.39967725,MG-87,İstanbul Bilgi Üniversitesi,Görüntü,image/jpg,tr,,
88,seminer.jpg,,Mehmet Genç,Digital Ottoman Studies,,Osmanlı’da Toplum ve Ekonomi Semineri,Seminer;Ekonomi;Toplum,"Yalova,Armutlu",40.51980708,28.82752876,MG-88,"Yalova, Armutlu",Görüntü,image/jpg,tr,,
89,seminer.jpg,,Mehmet Genç,Digital Ottoman Studies,2012,Osmanlı Tarihi Seminerleri,Seminer;Tarihçilik,"İstanbul,Fatih;BİSAV",41.01677546,28.95987789,MG-89,"Bilim ve Sanat Vakfı, Osmanlı Tarihi Seminerleri 6 oturum: 30 Ekim, 5, 12, 19, 26 Kasım, 3 Aralık 2012",Görüntü,image/jpg,tr,,
90,seminer.jpg,,Mehmet Genç,Digital Ottoman Studies,2013,Osmanlı Tarihi Seminerleri,Seminer;Tarihçilik,"İstanbul,Fatih;BİSAV",41.01677546,28.95987789,MG-90,"Bilim ve Sanat Vakfı, Osmanlı Tarihi Seminerleri 6 oturum: 3, 10, 17, 24, 31 Mart, 6 Nisan 2013",Görüntü,image/jpg,tr,,
91,konferans.jpg,,Mehmet Genç,Digital Ottoman Studies,2010-03-18,Ömer Lütfi Barkan,Konferans;Kişiler;Ömer Lütfi Barkan,Ankara,39.9753847,32.75741589,MG-91,Cumhuriyet Döneminde Türkiye’de Tarihçilik ve Tarih Yayıncılığı Sempozyumu,Görüntü,image/jpg,tr,,
92,konferans.jpg,,Mehmet Genç,Digital Ottoman Studies,1999-05-22,Osmanlı Tarihinin Dönemlendirilmesi,Konferans;Tarihçilik;Dönemlendirme,"İstanbul,Fatih;BİSAV",41.01677546,28.95987789,MG-92,Bilim ve Sanat Vakfı,Görüntü,image/jpg,tr,,
93,konferans.jpg,,Mehmet Genç,Digital Ottoman Studies,2003-06-06,İstanbul’un Demografik Yapısı 1454-2003,Konferans;Toplum;Demografi;Şehirler;İstanbul;Yüzyıllar;15.Yy;21.Yy,"İstanbul,Fatih;BİSAV",41.01677546,28.95987789,MG-93,"Bilim ve Sanat Vakfı, İstanbul Şehir ve Medeniyet Sempozyum",Görüntü,image/jpg,tr,,
94,konferans.jpg,,Mehmet Genç,Digital Ottoman Studies,2008-05-10,18. Yüzyıl Osmanlısında İktisat ve Siyaset,Konferans;İktisat;Devlet;Siyaset;Yüzyıllar;18.Yy,"İstanbul,Fatih;BİSAV",41.01677546,28.95987789,MG-94,Bilim ve Sanat Vakfı,Görüntü,image/jpg,tr,,
95,konferans.jpg,,Mehmet Genç,Digital Ottoman Studies,1983-12-15,18. Yüzyılda Osmanlı Ekonomisinde Değişmeler,Konferans;İktisat;Yüzyıllar;18.Yy,"Gürcistan,Tiflis",41.72103861,44.81822888,MG-95,"Academy of Seciences of Soviet Union, Oriental Institute",Görüntü,image/jpg,tr,,
96,konferans.jpg,,Mehmet Genç,Digital Ottoman Studies,1986-07-02,17-19. Yüzyıllarda Ticaret Merkezi Olarak Tokat,Konferans;Ticaret;Şehirler;Tokat;Yüzyıllar;17.Yy;19.Yy,Tokat,40.32408029,36.54827912,MG-96,Türk Tarihinde ve Kültüründe Tokat Sempozyumu,Görüntü,image/jpg,tr,,
97,konferans.jpg,,Mehmet Genç,Digital Ottoman Studies,1998-04-20,18. Yüzyılda Osmanlı Limanlarında Gümrük Merkezleri,Konferans;İktisat;Maliye;Vergi;Ticaret;Yüzyıllar;18.Yy,"İstanbul,Bebek;Boğaziçi Üniversitesi",41.08477323,29.05092188,MG-97,"International Symposium on the Ottoman Port Towns: Material Culture and Organization, 1600-1900",Görüntü,image/jpg,ing,,
98,konferans.jpg,,Mehmet Genç,Digital Ottoman Studies,2007,Osmanlı Ekonomisinde Müteşebbis,Konferans;İktisat;Girişimcilik;Müteşebis,Konya;İttifak Holding,37.87293443,32.49411084,MG-98,İttifak Holding,Görüntü,image/jpg,tr,,
99,konferans.jpg,,Mehmet Genç,Digital Ottoman Studies,2003-05-16,Malikâne-Divani Sistemi,Konferans;İktisat;Maliye;Vergi,"İstanbul,Bebek;Boğaziçi Üniversitesi",41.08477323,29.05092188,MG-99,Boğaziçi Üniversitesi,Görüntü,image/jpg,tr,,
100,konferans.jpg,,Mehmet Genç,Digital Ottoman Studies,2007-05-23,Osmanlı Sisteminin Ayırıcı Vasıfları Üzerine,Konferans,"İstanbul,Bebek;Boğaziçi Üniversitesi",41.08477323,29.05092188,MG-100,Boğaziçi Üniversitesi,Görüntü,image/jpg,tr,,
101,konferans.jpg,,Mehmet Genç,Digital Ottoman Studies,1990-01-13,Kültür ve Kalkınma,Konferans;Kalkınma;Kültür,İstanbul,41.1292562,28.88335172,MG-101,"Türkiye Mimar ve Mühendis Odalar Birliği, Kalkınma Kültür ve Demokrasi Sempozyumu",Görüntü,image/jpg,tr,,
102,konferans.jpg,,Mehmet Genç,Digital Ottoman Studies,1992-10-12,Coğrafi Keşiflerin İstanbul’dan Görünüşü,Konferans;Coğrafi Keşifler;Şehirler;İstanbul,"İstanbul,Fatih;İstanbul Üniversitesi",41.01005056,28.96054028,MG-102,"İstanbul Üniversitesi, Edebiyat Fakültesi Sosyoloji Bölümü, Amerika’nın Keşfinin 500. Yılı Toplantıları",Görüntü,image/jpg,tr,,
103,konferans.jpg,,Mehmet Genç,Digital Ottoman Studies,1996-02-08,Şeref Doktorası Tevcihinde Yapılan Konuşma,Konferans;Şeref Doktorası,"İstanbul,Fatih;İstanbul Üniversitesi",41.01005056,28.96054028,MG-103,"İstanbul Üniversitesi, Edebiyat Fakültesi ",Görüntü,image/jpg,tr,,
104,konferans.jpg,,Mehmet Genç,Digital Ottoman Studies,1992,Osmanlı İktisadi Dünya Görüşünün Klasik İlkeleri ve Temel Değerleri,Konferans;İktisat;İktisadi Düşünce,İstanbul,41.1292562,28.88335172,MG-104,Birlik Vakfı,Görüntü,image/jpg,tr,,
105,konferans.jpg,,Mehmet Genç,Digital Ottoman Studies,1994,"Osmanlı’da Zanaat, Ahlak, İktisat İlişkisi",Konferans;İktisat;İktisadi Düşünce;Ticaret;Zanaat,İstanbul,41.1292562,28.88335172,MG-105,"Yapı Kredi Kültür Merkezi Salı Toplantıları, Kültür Mirası",Görüntü,image/jpg,tr,,
106,konferans.jpg,,Mehmet Genç,Digital Ottoman Studies,1999-02-10,Osmanlı Tarihi Araştırmalarının Bugünkü Durumu,Konferans;Tarihçilik,İstanbul,41.1292562,28.88335172,MG-106,İstanbul Üniversitesi Edebiyat Fakültesi Sosyoloji Bölümü,Görüntü,image/jpg,tr,,
107,konferans.jpg,,Mehmet Genç,Digital Ottoman Studies,2001-12-28,Osmanlı Devleti ve Modern İktisadi Büyüme,Konferans;İktisat;Kalkınma;İktisadi Büyüme;Dönemler;Modern,"İstanbul,Altunizade;İSAM",41.02595399,29.03907871,MG-107,İSAM,Görüntü,image/jpg,tr,,
108,konferans.jpg,,Mehmet Genç,Digital Ottoman Studies,2004-05-26,Osmanlı Tarihçiliğinin Bugünkü Meseleleri,Konferans;Tarihçilik,"İstanbul,Altunizade;İSAM",41.02595399,29.03907871,MG-108,İSAM,Görüntü,image/jpg,tr,,
109,konferans.jpg,,Mehmet Genç,Digital Ottoman Studies,2001-02-24,Osmanlı İktisadi ve Sosyal Tarih çalışmalarının Değerlendirilmesi,Konferans;Tarihçilik;İktisat Tarihçiliği;Sosyal Tarih,"İstanbul,Altunizade;İSAM",41.02595399,29.03907871,MG-109,İSAM,Görüntü,image/jpg,tr,,
110,konferans.jpg,,Mehmet Genç,Digital Ottoman Studies,2011-05-31,Osmanlı Devletini Uzun Ömürlü Kılan Sebepler IV: Mali Yapısının Özellikleri,Konferans;İktisat;Maliye;Mali Yapı,"İstanbul,Altunizade;Altunizade Kültür Merkezi",41.01822121,29.04086105,MG-110,Altunizade Kültür Merkezi,Görüntü,image/jpg,tr,,
111,konferans.jpg,,Mehmet Genç,Digital Ottoman Studies,2011-10-20,Osmanlı Devletini Uzun Ömürlü Kılan Faktörler V: İktisadi Yapı Özellikleri,Konferans;İktisat;İktisadi Yapı,"İstanbul,Altunizade;Altunizade Kültür Merkezi",41.01822121,29.04086105,MG-111,Altunizade Kültür Merkezi,Görüntü,image/jpg,tr,,
112,konferans.jpg,,Mehmet Genç,Digital Ottoman Studies,2011-11-17,Osmanlı Devletini Uzun Ömürlü Kılan Faktörler VI: İletişimin Örgütlenmesi,Konferans;İletişim,"İstanbul,Altunizade;Altunizade Kültür Merkezi",41.01822121,29.04086105,MG-112,Altunizade Kültür Merkezi,Görüntü,image/jpg,tr,,
113,konferans.jpg,,Mehmet Genç,Digital Ottoman Studies,2011-01-14,Osmanlı Sanayii,Konferans;İktisat;Sanayii,"İstanbul,Altunizade;Altunizade Kültür Merkezi",41.01822121,29.04086105,MG-113,Altunizade Kültür Merkezi,Görüntü,image/jpg,tr,,
114,konferans.jpg,,Mehmet Genç,Digital Ottoman Studies,2011-02-11,Osmanlı Devletini Uzun Ömürlü Kılan Faktörler I: Giriş,Konferans,"İstanbul,Altunizade;Altunizade Kültür Merkezi",41.01822121,29.04086105,MG-114,Altunizade Kültür Merkezi,Görüntü,image/jpg,tr,,
115,konferans.jpg,,Mehmet Genç,Digital Ottoman Studies,2011-03-11,Osmanlı Devletini Uzun Ömürlü Kılan Faktörler II: Siyasi Yapısının Özellikleri,Konferans;Devlet;Siyaset,"İstanbul,Altunizade;Altunizade Kültür Merkezi",41.01822121,29.04086105,MG-115,Altunizade Kültür Merkezi,Görüntü,image/jpg,tr,,
116,konferans.jpg,,Mehmet Genç,Digital Ottoman Studies,2011-04-14,Osmanlı Devleti’ni Uzun Ömürlü Kılan Faktörler III: Bürokrasisinin Organizasyonel Yapısı,Konferans;Devlet;Bürokrasi;Bürokratik Yapı,"İstanbul,Altunizade;Altunizade Kültür Merkezi",41.01822121,29.04086105,MG-116,Altunizade Kültür Merkezi,Görüntü,image/jpg,tr,,
117,konferans.jpg,,Mehmet Genç,Digital Ottoman Studies,2001-03-16,1800’de Osmanlı İmparatorluğunun Genel Durumu,Konferans;Yüzyıllar;18.Yy,"İstanbul,Tuzla;Sabancı Üniversitesi",40.88877675,29.37419743,MG-117,Sabancı Üniversitesi,Görüntü,image/jpg,tr,,
118,konferans.jpg,,Mehmet Genç,Digital Ottoman Studies,2000-12-13,Osmanlı İltizam Rejimi ve Değişmeleri,Konferans;İktisat;Maliye;Vergi;Değişim,İstanbul,41.1292562,28.88335172,MG-118,Osmanlı Bankası Araştırma Merkezi,Görüntü,image/jpg,tr,,
119,konferans.jpg,,Mehmet Genç,Digital Ottoman Studies,1992-05-11,Onsekizinci Yüzyılda Osmanlı İmparatorluğunun İktisadi Durumu,Konferans;İktisat;İktisadi Durum;Yüzyıllar;18.Yy,"Ankara,Çankaya;Bilkent Üniversitesi",39.87486848,32.74743344,MG-119,Bilkent Üniversitesi,Görüntü,image/jpg,tr,,
120,konferans.jpg,,Mehmet Genç,Digital Ottoman Studies,1996-04-24,Erol Güngör’ün Şahsiyeti,Konferans;Kişiler;Erol Güngör,İstanbul,41.1292562,28.88335172,MG-120,Türk Kültür Vakfı,Görüntü,image/jpg,tr,,
121,konferans.jpg,,Mehmet Genç,Digital Ottoman Studies,2003-04-19,Aydın Erol Güngör,Konferans;Kişiler;Erol Güngör,İstanbul,41.1292562,28.88335172,MG-121,"Kültür Ocağı Vakfı, Örnek Bir Şahsiyet Olarak Erol Güngör",Görüntü,image/jpg,tr,,
122,konferans.jpg,,Mehmet Genç,Digital Ottoman Studies,1998-02-22,Tarihçiliği Nasıl Anlamalı,Konferans;Tarihçilik,İstanbul,41.1292562,28.88335172,MG-122,Belgesel Sinemacılar Birliği,Görüntü,image/jpg,tr,,
123,konferans.jpg,,Mehmet Genç,Digital Ottoman Studies,1976-03-22,A Comparative Study of The Life-Term Tax Ferming Data and The Volume of Commercial and Industrial Activities in the Ottoman Empire in the Second Half of the 18th Century,Konferans;İktisat;Maliye;Vergi;Sanayii;Ticaret;Yüzyıllar;18.Yy,"Almanya,Hamburg",53.58388343,9.982977785,MG-123,"AIESEE, South Eastern European and Balkan Cities Confronting the Industrial Revolution in the Western Europe",Görüntü,image/jpg,eng,,
124,konferans.jpg,,Mehmet Genç,Digital Ottoman Studies,1999-05-29,18. ve 19. Yüzyıllarda Osmanlı İmparatorluğunda Sanayileşme Teşebbüsleri,Konferans;İktisat;Sanayii;Yüzyıllar;18.Yy;19.Yy.,İstanbul,41.1292562,28.88335172,MG-124,Türk Kültür Ocağı,Görüntü,image/jpg,tr,,
125,konferans.jpg,,Mehmet Genç,Digital Ottoman Studies,2013-01-28,Kanuni Devrinde Osmanlı Performansı,Konferans;Kişiler;Kanuni Sultan Süleyman;Dönemler;Klasik,"İstanbul,Başakşehir;Başakşehir Belediyesi",41.12339323,28.77144119,MG-125,Başakşehir Belediyesi Kültür Merkezi,Görüntü,image/jpg,tr,,
126,konferans.jpg,,Mehmet Genç,Digital Ottoman Studies,2013-05-11,İslam Ekonomisi ve Osmanlı Uygulaması,Konferans;İktisat;İslam Ekonomisi;Osmanlı Uygulaması,"İstanbul,Mecidiyeköy;İstanbul Bilimler Akademisi Vakfı",41.06736567,28.9999182,MG-126,"İstanbul Bilimler Akademisi Vakfı, Murat Çizakça ile birlikte, Bab-ı Tarih Sohbetleri",Görüntü,image/jpg,tr,,
127,konferans.jpg,,Mehmet Genç,Digital Ottoman Studies,2013-05-25,"Osmanlı İktisadi Kurumları: Vakıflar ve Para Vakıfları, Vergi Sistemi ve Dış Ticaret",Konferans;İktisat;İktisadi Kurumlar;Maliye;Vergi;Ticaret;İhracat;Toplum;Vakıflar;Para Vakfı,"İstanbul,Mecidiyeköy;İstanbul Bilimler Akademisi Vakfı",41.06736567,28.9999182,MG-127,"İstanbul Bilimler Akademisi Vakfı, Murat Çizakça ile birlikte, Bab-ı Tarih Sohbetleri",Görüntü,image/jpg,tr,,
128,konferans.jpg,,Mehmet Genç,Digital Ottoman Studies,2013-03-26,Osmanlı Ekonomisinde Sermaye Birikimi ve Servet Dağılımı,Konferans;İktisat;Sermaye,"İstanbul,Fatih;İstanbul Üniversitesi",41.01005056,28.96054028,MG-128,"İstanbul Üniversitesi, Kongre Kültür Merkezi, 37. İktisatçılar Haftası, Cumhuriyetin 90. Yılında Hak, Adalet, İktisat Başlıklı Oturum",Görüntü,image/jpg,tr,,
129,konferans.jpg,,Mehmet Genç,Digital Ottoman Studies,2012-12-03,Osmanlıda 17. Yüzyılın Sosyal ve Siyasal Yapısı,Konferans;Devlet;Siyaset;Sosyal Yapı;Yüzyıllar;17.Yy,"İstanbul,Şişhane;İstanbul Kültür Sanat Vakfı",41.02850599,28.97189243,MG-129,"İstanbul Kültür Sanat Vakfı Osmanlı Dönemi Müzik Uygulama ve Araştırma Merkezi, Itri ve Dönemine Disiplinlerarası Bakışlar",Görüntü,image/jpg,tr,,
130,konferans.jpg,,Mehmet Genç,Digital Ottoman Studies,2007-09-07,Değerlendirme Konuşması,Konferans;Değerlendirme,"İstanbul,Göztepe;Marmara Üniversitesi",40.98946763,29.05454387,MG-130,I. Türkiye İktisat Tarihi Kongresi,Görüntü,image/jpg,tr,,
131,konferans.jpg,,Mehmet Genç,Digital Ottoman Studies,2004-10-13,Osmanlı Ekonomisinde Esnafın Yeri,Konferans;İktisat;Ticaret;Esnaf,İstanbul,41.1292562,28.88335172,MG-131,17. Ahilik Kültürü Haftası Kutlamaları,Görüntü,image/jpg,tr,,
132,konferans.jpg,,Mehmet Genç,Digital Ottoman Studies,1996-11-09,15. ve 16. Yüzyıllarda Osmanlı İmparatorluğunda İç ve Dış Ticaret,Konferans;Ticaret;İç Ticaret;İhracat;Dönemler;Klasik;Yüzyıllar;15.Yy;16.Yy,İstanbul,41.1292562,28.88335172,MG-132,15 ve 16. Asırları Türk Asrı yapan Değerler Sempozyum,Görüntü,image/jpg,tr,,
133,konferans.jpg,,Mehmet Genç,Digital Ottoman Studies,2009-04-14,Osmanlıda İktisadi Düşüncenin Gelişimi,Konferans;İktisat;İktisadi Düşünce,İstanbul,41.1292562,28.88335172,MG-133,Yapı Kredi Bankası Salı Toplantıları,Görüntü,image/jpg,tr,,
134,konferans.jpg,,Mehmet Genç,Digital Ottoman Studies,2008-05-28,İstanbul’un Fethi,"Konferans;Devlet,Fetih;Şehirler;İstanbul;Dönemler;Klasik;Yüzyıllar;15.Yy","İstanbul,Bayrampaşa;Bayrampaşa Belediyesi",40.89787857,29.22547335,MG-134,Bayrampaşa Belediyesi,Görüntü,image/jpg,tr,,
135,konferans.jpg,,Mehmet Genç,Digital Ottoman Studies,2002-01-23,17. Ve 18. Yüzyıllarda Osmanlı Mukataa Sistemindeki Değişmeler,Konferans;İktisat;Maliye;Vergi;Yüzyıllar;17.Yy;18.Yy,"İstanbul,Büyükçekmece;Fatih Üniversitesi",41.09125024,28.62460466,MG-135,Fatih Üniversitesi,Görüntü,image/jpg,tr,,
136,konferans.jpg,,Mehmet Genç,Digital Ottoman Studies,2003-01-08,Modern İktisadi Büyüme Karşısında Osmanlı Tutumu,Konferans;İktisat;İktisadi Büyüme;Dönemler;Modern,"İstanbul,Büyükçekmece;Fatih Üniversitesi",41.09125024,28.62460466,MG-136,Fatih Üniversitesi,Görüntü,image/jpg,tr,,
137,konferans.jpg,,Mehmet Genç,Digital Ottoman Studies,2000-01-20,İktisat Tarihi Araştırmasındaki Serüvenim,Konferans;İktisat;İktisat Tarihçiliği,"İstanbul,Fatih;Tarih Vakfı",41.01907816,28.96871483,MG-137,"Tarih Vakfı, Tarihçinin Mutfağı Serisi",Görüntü,image/jpg,tr,,
138,konferans.jpg,,Mehmet Genç,Digital Ottoman Studies,2009-06-08,Osmanlı Devleti’nin 18. 19. Yüzyıllarda Özel Sermaye Birikim Karşısındaki Tutumu ve Etkileri,Konferans;İktisat;Sermaye;Yüzyıllar;18.Yy;19.Yy,İstanbul;İstanbul Bilgi Üniversitesi;TÜBA,41.1292562,28.88335172,MG-138,"TÜBA Forumu, İstanbul Bilgi Üniversitesi",Görüntü,image/jpg,tr,,
139,konferans.jpg,,Mehmet Genç,Digital Ottoman Studies,2009-02-06,"İpek Yolu, Baharat Yolu, Ortadoğu ve Osmanlı Devleti",Konferans;Ticaret;İpek Yolu;Baharat Yolu;Bölgeler;Ortadoğu,İstanbul;İSMEK,41.1292562,28.88335172,MG-139,İSMEK,Görüntü,image/jpg,tr,,
140,konferans.jpg,,Mehmet Genç,Digital Ottoman Studies,1998-05-23,İki İmparatorluğun Başkenti,Konferans;Şehirler;İstanbul,İstanbul;İstanbul Büyükşehir Belediyesi,41.1292562,28.88335172,MG-140,"İstanbul Büyük Şehir Belediyesi, III. Uluslararası Fetih Konferansı",Görüntü,image/jpg,tr,,
141,konferans.jpg,,Mehmet Genç,Digital Ottoman Studies,2008-10-18,Osmanlı Dünyasında Dilencilik,Konferans;Toplum;Dilencilik,İstanbul;İstanbul Büyükşehir Belediyesi,41.1292562,28.88335172,MG-141,Bir Kent Sorunu: Dilencilik Sempozyumu,Görüntü,image/jpg,tr,,
142,konferans.jpg,,Mehmet Genç,Digital Ottoman Studies,1996-05-24,İstanbul’un Fethi: Sebepleri ve Sonuçları,Konferans;Devlet;Fetih;Şehirler;İstanbul;Dönemler;Klasik;Yüzyıllar;15.Yy,İstanbul;İstanbul Büyükşehir Belediyesi,41.1292562,28.88335172,MG-142,"İstanbul Büyük Şehir Belediyesi, I. Uluslararası İstanbul’un Fethi Konferansı",Görüntü,image/jpg,tr,,
143,konferans.jpg,,Mehmet Genç,Digital Ottoman Studies,1997-05-30,İstanbul’un Fethi: İktisadi Sonuçları,Konferans;İktisat;Devlet;Fetih;Şehirler;İstanbul;Dönemler;Klasik;Yüzyıllar;15.Yy,İstanbul;İstanbul Büyükşehir Belediyesi,41.1292562,28.88335172,MG-143,"İstanbul Büyük Şehir Belediyesi, II. Uluslararası İstanbul’un Fethi Konferansı",Görüntü,image/jpg,tr,,
144,konferans.jpg,,Mehmet Genç,Digital Ottoman Studies,1995-01-21,Osmanlı İktisat Tarihi Üzerine Düşünceler,Konferans;Tarihçilik;İktisat Tarihçiliği,"İstanbul,Cağaloğlu;IRCICA",41.01170178,28.97778567,MG-144,IRCICA,Görüntü,image/jpg,tr,,
145,konferans.jpg,,Mehmet Genç,Digital Ottoman Studies,1997-11-28,18. Yüzyılda Osmanlı İmparatorluğunda Değerli Maden Üretimi,Konferans;İktisat;Sanayi;Maden;Yüzyıllar;18.Yy,"İstanbul,Beyoğlu;IFEA",41.03151992,28.97749726,MG-145,"Institut Français d’Études Anatoliennes, International Syposium on the Money and Mints in the Ottoman Empire 1680-1850",Görüntü,image/jpg,tr,,
146,konferans.jpg,,Mehmet Genç,Digital Ottoman Studies,1996-01-04,Osmanlı İmparatorluğunda Siyasi ve İktisadi İktidar İlişkileri,Konferans;İktisat;Devlet;Siyaset,"İstanbul,Beyoğlu;IFEA",41.03151992,28.97749726,MG-146,Institut Français d’Études Anatoliennes,Görüntü,image/jpg,tr,,
147,konferans.jpg,,Mehmet Genç,Digital Ottoman Studies,2008-10-16,19. Yüzyıl Öncesi Osmanlı Ekonomisinde Özel Sermaye Birikimi Üzerinde Devletin Etkileri,Konferans;İktisat;Sermaye;Dönemler;Modern;Yüzyıllar;19.Yy,"İstanbul,Beyoğlu;NIT",41.03160612,28.97589313,MG-147,"Netherlands Institute in Turkey, Comparing Notes: Current Research on Ottoman History and Literature in the Netherlands and Turkey",Görüntü,image/jpg,tr,,
148,konferans.jpg,,Mehmet Genç,Digital Ottoman Studies,1999-10-22,The Education of the Ottman Bureaucrats in the Pre-Tanzimat Era,Konferans;Devlet;Bürokrasi;Tanzimat,İstanbul;Bilgi Üniversitesi,41.1292562,28.88335172,MG-148,"İstanbul Bilgi Üniversitesi, Education in the Ottoman Empire",Görüntü,image/jpg,eng,,
149,konferans.jpg,,Mehmet Genç,Digital Ottoman Studies,2007-10-26,Kapitalizm Karşısında Osmanlı İktisadı,Konferans;İktisat;Kapitalizm,"İstanbul,Üsküdar;İlmi Etüdler Derneği",41.02166703,29.01523539,MG-149,İlmi Etüdler Derneği 2007-2008 Açılış Konferansı,Görüntü,image/jpg,tr,,
150,konferans.jpg,,Mehmet Genç,Digital Ottoman Studies,1995-05-18,İktisat Tarihi ve Osmanlı Dünyası,Konferans;Tarihçilik;İktisat Tarihçiliği,İzmir,38.44421655,27.19658895,MG-150,Tarih Vakfı,Görüntü,image/jpg,tr,,
151,konferans.jpg,,Mehmet Genç,Digital Ottoman Studies,1999-04,19. Yüzyılda Osmanlı İktisadi Dünya Görüşünde Değişmeler,Konferans;İktisat;İktisadi Düşünce;Dönemler;Modern;Yüzyıllar;19.Yy,İzmir,38.44421655,27.19658895,MG-151,Tarih Vakfı,Görüntü,image/jpg,tr,,
152,konferans.jpg,,Mehmet Genç,Digital Ottoman Studies,2008-06,Osmanlı Ticaret Merkezi Olarak İzmir,Konferans;Ticaret;Şehirler;İzmir,İzmir;İzmir Ticaret Odası,38.44421655,27.19658895,MG-152,İzmir Ticaret Odası,Görüntü,image/jpg,tr,,
153,konferans.jpg,,Mehmet Genç,Digital Ottoman Studies,2009-01-19,"Osmanlı’da Devlet, Ekonomi ve Toplum",Konferans;İktisat;Devlet;Toplum,İzmir,38.44421655,27.19658895,MG-153,,Görüntü,image/jpg,tr,,
154,konferans.jpg,,Mehmet Genç,Digital Ottoman Studies,2011-06-02,Osmanlı Sosyal Nizamı ve İstinad Ettiği İktisadi Yapı,Konferans;İktisat;İktisadi Yapı;Toplum;Sosyal Nizam,Bilecik;Bilecik Üniversitesi,40.1902613,29.96971089,MG-154,Bilecik Üniversitesi,Görüntü,image/jpg,tr,,
155,konferans.jpg,,Mehmet Genç,Digital Ottoman Studies,2011-05-13,Modern İktisadi Büyüme Karşısında Osmanlı Ekonomisi,Konferans;İktisat;İktisadi Büyüme;Dönemler;Modern,"Malatya,Battalgazi;İnönü Üniversitesi",38.33079249,38.44000416,MG-155,İnönü Üniversitesi,Görüntü,image/jpg,tr,,
156,konferans.jpg,,Mehmet Genç,Digital Ottoman Studies,1983-08-24,War and Economy in the Eighteenth Century Ottoman Empire,Konferans;İktisat;Devlet;Savaş;Yüzyıllar;18.Yy,"AB,New Jersey;Princeton Üniversitesi",40.34296332,-74.65526702,MG-156,"Princeton Universitesi, Third International Congress on the Economic and Social History of Turkey",Görüntü,image/jpg,eng,,
157,konferans.jpg,,Mehmet Genç,Digital Ottoman Studies,1983-08-04,Osmanlı İktisadi Dünya Görüşünün Prensipleri ve Sonuçları,Konferans;İktisat;İktisadi Düşünce,"Almanya,Münih",48.14644027,11.58095358,MG-157,IV. Internationaler Kongress für Türkische Wirtschafts und Sozialgeschichte (1071-1920),Görüntü,image/jpg,tr,,
158,konferans.jpg,,Mehmet Genç,Digital Ottoman Studies,2013-02-07,17. Yüzyıl Dönüşümüne Genel Bakış,Konferans;Yüzyıllar;17.Yy,"Ankara,Çankaya;ODTÜ",39.89519435,32.78446764,MG-158,Açılış Konuşması 17. Yüzyılda Osmanlı İmparatorluğunda Kriz ve Dönüşüm III. Çalıştay: Kriz ve Değişmeler,Görüntü,image/jpg,tr,,
159,konferans.jpg,,Mehmet Genç,Digital Ottoman Studies,2013-06-15,Osmanlı Yönetiminin Özellikleri,Konferans;Devlet;Yönetim,Ankara;İç İşleri Bakanlığı,39.91473057,32.85200026,MG-159,"Osmanlı Sisteminden Günümüz İdarecilerinin Alabileceği Dersler, TC. İçişleri Bakanlığı Eğitim Dairesi",Görüntü,image/jpg,tr,,
160,konferans.jpg,,Mehmet Genç,Digital Ottoman Studies,2013-06-28,Osmanlı Devletinin Uzun Ömürlü Olmasını Sağlayan Temelleri,Konferans;Devlet;Yönetim,Ankara;TTK,39.93111335,32.85618695,MG-160,TTK Yüksek Lisans ve Doktora Öğrencileri için Konferans,Görüntü,image/jpg,tr,,
161,konferans.jpg,,Mehmet Genç,Digital Ottoman Studies,2011-03-31,Dostum Mehmet Çavuşoğlu,Konferans;Kişiler;Mehmet Çavuşoğlu,"Ankara,Yeni Mahalle;Gazi Üniversitesi",39.93975885,32.82235955,MG-161,"Dostum Mehmet Çavuşoğlu”, Merhum Prof. Dr. Mehmet Çavuşoğlu Hakkında Anma Toplantısı, Gazi Üniversitesi",Görüntü,image/jpg,tr,,
162,konferans.jpg,r2HG1PkAvm4,Mehmet Genç,Digital Ottoman Studies,2012,Mehmet Genç-Perşembe Konuşmaları,Konferans;Kişiler;Mehmet Genç,"İstanbul,Fatih;Tarih Vakfı",41.01907006,28.96874702,MG-162,Tarih Vakfı,Görüntü,image/jpg,tr,https://www.youtube.com/watch?v=r2HG1PkAvm4,
163,konferans.jpg,-xAhzwbnJFA,Mehmet Genç,Digital Ottoman Studies,2017,Osmanlı Devleti'nin İktisadi Geçmişi,Konferans;İktisat,,,,MG-163,Saray Konferansları,Görüntü,image/jpg,tr,https://www.youtube.com/watch?v=-xAhzwbnJFA,
164,konferans.jpg,,Mehmet Genç,Digital Ottoman Studies,2011-04-07,İktisat ve Deniz Ticaret Tarihinde Doğu Akdeniz ve Mersin’e Nasıl Yaklaşılmalı,Konferans;İktisat;Ticaret;Doğu Akdeniz;Tarihçilik;İktisat Tarihçiliği;Şehirler;Mersin,Mersin,36.88841185,34.68558872,MG-164,"Açılış Konuşması, Türk Deniz Ticareti Tarihi Sempozyumu III Mersin ve Doğu Akdeniz 7-8 Nisan 2011",Görüntü,image/jpg,tr,,
165,konferans.jpg,,Mehmet Genç,Digital Ottoman Studies,2010-05,Osmanlı Ekonomik Sistemi,Konferans;İktisat;İktisadi Sistem,"Sakarya,Serdivan;Sakarya Üniversitesi",40.74227682,30.33280611,MG-165,Sakarya Üniversitesi ,Görüntü,image/jpg,tr,,
166,konferans.jpg,fzMn9O6jIKs,Mehmet Genç,Digital Ottoman Studies,2018,Osmanlı Sisteminin Temel Özellikleri,Konferans,"İstanbul,Küçükçekmece;Avrasya Bir Vakfı",40.98997722,28.77099519,MG-166,Avrasya Bir Vakfı,Görüntü,image/jpg,tr,https://www.youtube.com/watch?v=fzMn9O6jIKs,
167,konferans.jpg,,Mehmet Genç,Digital Ottoman Studies,2004,Osmanlıda Kayıt ve Yazışmanın Önemi,Konferans;Devlet;Bürokrasi;Kayıt ve Yazışma,"Ankara,Yeni Mahalle;Nüfus ve Vatandaşlık İşleri Genel Müdürlüğü",39.96639637,32.78420745,MG-167,Nüfus ve Vatandaşlık İşleri Genel Müdürlüğü,Görüntü,image/jpg,tr,,
168,konferans.jpg,,Mehmet Genç,Digital Ottoman Studies,1996-01-11,Osmanlı İmparatorluğunda Devlet ve Ekonomi Arasındaki İlişkiler,Konferans;İktisat;Devlet,"Ankara,Çankaya;Fransız Kültür Merkezi",39.92373943,32.85356582,MG-168,Fransız Kültür Merkezi,Görüntü,image/jpg,tr,,
169,konferans.jpg,,Mehmet Genç,Digital Ottoman Studies,1998-11,Türkiye Cumhuriyeti’nin 75. Yılından Osmanlı Tarihine Bakış,Konferans;Tarihçilik;Ülkeler;Türkiye,Erzurum,39.90842999,41.2703797,MG-169,,Görüntü,image/jpg,tr,,
170,konferans.jpg,duHXusjLT4w,Mehmet Genç,Digital Ottoman Studies,2019-05-08,Osmanlı İktisadi Sistem ve Vakıflar,Konferans;İktisat;İktisadi Sistem;Toplum;Vakıflar,"Sakarya,Serdivan;Sakarya Üniversitesi;SASGEM",40.74227682,30.33280611,MG-170,"Sakarya Üniversitesi, Akademik ve Sosyal Gelişim Merkezi SASGEM",Görüntü,image/jpg,tr,https://haber.sakarya.edu.tr/osmanli-iktisadi-sistemi-ve-vakiflar-h89685.html,
171,osark.jpg,,Mehmet Genç,Digital Ottoman Studies,2015-10-14,Açılış Konferansı,Konferans,Sakarya;OSARK,40.74227682,30.33280611,MG-171,Uluslararası Osmanlı Araştırmaları Kongresi,Görüntü,image/jpg,tr,http://osark2015.osmanliarastirmalari.org,
172,konferans.jpg,,Mehmet Genç,Digital Ottoman Studies,2013,Osmanlı’da Sosyal Adalet,Konferans;Devlet;Yönetim;Sosyal Adalet,"Kocaeli,İzmit;İzmit Belediyesi",40.76483666,29.92988385,MG-172,İzmit Belediyesi,Görüntü,image/jpg,tr,,
173,konferans.jpg,,Mehmet Genç,Digital Ottoman Studies,1995-07,Some Thoughts on the İltizam System,Konferans;İktisat;Maliye;Vergi;İltizam Sistemi,"Almanya,Heidelberg;Heidelberg Üniversitesi",49.41923167,8.67030435,MG-173,"Heidelberg Universitesi, VII. International Kongress Für Turkische Wirtschafts und Sozialgeschichte (1071-1921)",Görüntü,image/jpg,eng,,
174,konferans.jpg,,Mehmet Genç,Digital Ottoman Studies,1998-05-05,18. Yüzyıl Osmanlı Ekonomisinin Temel Eğilimleri,Konferans;İktisat;Yüzyıllar;18.Yy,"İstanbul,Beyoğlu;Orient-Institut",41.03070714,28.98592071,MG-174,"The Ottoman Eighteenth Century, Orient-Institut Der Deutshen Morgenländischen Gesselschaft",Görüntü,image/jpg,tr,,
175,konferans.jpg,,Mehmet Genç,Digital Ottoman Studies,1996-06,Ottoman State and Economy in the Age of Reforms: Continuity and Change,Konferans;İktisat;Devlet;Reform,"ABD,Madison;University of Wisconsin-Madison,",43.07654494,-89.41246604,MG-175,"University of Wisconsin-Madison, A Conference on the Ottomen State, Modernism and the Euro-Islamic Synthesis: Revisionist Approach",Görüntü,image/jpg,eng,,
176,konferans.jpg,,Mehmet Genç,Digital Ottoman Studies,2008-12-03,The Impact of the State on Capital Accumulation in the Ottoman Empire Before the 19th Century,Konferans;İktisat;Devlet;Dönemler;Modern;Yüzyıllar;19.Yy,"Hollanda,Leiden;Leiden University",52.15730595,4.485238371,MG-176,"Leiden University Turkish Studies, Faculty of Arts, Finance, Capital and State in the Ottoman Empire",Görüntü,image/jpg,eng,,
177,konferans.jpg,,Mehmet Genç,Digital Ottoman Studies,2013-05-07,İktisat Tarihimizde Bursa’nın Yeri,Konferans;İktisat;Şehirler;Bursa,"Bursa,Nilüfer;Uludağ Üniversitesi",40.23540085,28.88388089,MG-177,Uludağ Üniversitesi,Görüntü,image/jpg,tr,,
178,konferans.jpg,,Mehmet Genç,Digital Ottoman Studies,2013-02-27,"Klasik Osmanlı Sisteminde Kâr, Faiz ve Kredi İlişkilerinin Özel Sermaye Birikimine Etkileri",Konferans;İktisat;Sermaye;Dönemler;Klasik,"Antalya,Konyaaltı;Akdeniz Üniversitesi",36.89471365,30.65534228,MG-178,Akdeniz Üniversitesi,Görüntü,image/jpg,tr,,
179,konferans.jpg,,Mehmet Genç,Digital Ottoman Studies,2013-05-01,Osmanlı Mali Sisteminde Tuz ve Tuzlaların Mahiyeti,Konferans;İktisat;Maliye;Tuz,Kayseri,38.7349967,35.48875629,MG-179,,Görüntü,image/jpg,tr,,
180,konferans.jpg,,Mehmet Genç,Digital Ottoman Studies,2010-04-20,Osmanlı Ekonomisinde Özel Sermaye Birikimi Karşısında Devletin Tutumu,"Konferans;İktisat,Sermaye","Kayseri,Talas;Erciyes Üniversitesi",38.71020995,35.53367055,MG-180,Erciyes Üniversitesi,Görüntü,image/jpg,tr,,
181,konferans.jpg,,Mehmet Genç,Digital Ottoman Studies,2010-04-26,Erol Güngör Hakkında,Konferans;Kişiler;Erol Güngör,"Eskişehir,Odunpazarı;Eskişehir Osmangazi Üniversitesi",39.75161957,30.48995742,MG-181,Eskişehir Osmangazi Üniversitesi,Görüntü,image/jpg,tr,,
182,konferans.jpg,,Mehmet Genç,Digital Ottoman Studies,2004-04-26,Osmanlı Devleti ve Ekonomi,Konferans;İktisat;Devlet,"Eskişehir,Odunpazarı;Eskişehir Osmangazi Üniversitesi",39.75161957,30.48995742,MG-182,Eskişehir Osmangazi Üniversitesi,Görüntü,image/jpg,tr,,
183,konferans.jpg,,Mehmet Genç,Digital Ottoman Studies,2007-11-06,Osmanlı’da Ekonomik Yapı ve Devlet,Konferans;İktisat;İktisadi Yapı;Devlet,"Eskişehir,Odunpazarı;Eskişehir Osmangazi Üniversitesi",39.75161957,30.48995742,MG-183,Eskişehir Osmangazi Üniversitesi,Görüntü,image/jpg,tr,,
184,konferans.jpg,,Mehmet Genç,Digital Ottoman Studies,1997-06-29,Silk Road and the Middle East Economy in History,Konferans;Ticaret;İpek Yolu;Bölgeler;Orta Doğu,"Japonya,Yamagata;Yamagata University ",38.24650074,140.3492651,MG-184,Yamagata University,Görüntü,image/jpg,eng,,
185,konferans.jpg,,Mehmet Genç,Digital Ottoman Studies,1997-06-29,The Black Sea Economic Cooperation in its Historical Perspective,Konferans;İktisat;Bölgeler;Karadeniz,"Japonya,Yamagata;Yamagata University ",38.24650074,140.3492651,MG-185,Yamagata University,Görüntü,image/jpg,eng,,
186,konferans.jpg,,Mehmet Genç,Digital Ottoman Studies,1997-06-29,State and Economy in the Ottoman Empire,Konferans;İktisat;Devlet,"Japonya,Yamagata;Yamagata University ",38.24650074,140.3492651,MG-186,Yamagata University,Görüntü,image/jpg,eng,,
187,konferans.jpg,,Mehmet Genç,Digital Ottoman Studies,1997-06-29,Silk Road and the Middle East Economy in History,Konferans;Ticaret;İpek Yolu;Bölgeler;Orta Doğu,"Japonua,Tokyo;Tokyo University",35.71273844,139.762107,MG-187,Tokyo University,Görüntü,image/jpg,eng,,
188,konferans.jpg,,Mehmet Genç,Digital Ottoman Studies,1997-06-29,The Black Sea Economic Cooperation in its Historical Perspective,Konferans;İktisat;Bölgeler;Karadeniz,"Japonua,Tokyo;Tokyo University",35.71273844,139.762107,MG-188,Tokyo University,Görüntü,image/jpg,eng,,
189,konferans.jpg,,Mehmet Genç,Digital Ottoman Studies,1997-06-29,State and Economy in the Ottoman Empire,Konferans;İktisat;Devlet,"Japonua,Tokyo;Tokyo University",35.71273844,139.762107,MG-189,Tokyo University,Görüntü,image/jpg,eng,,
190,konferans.jpg,,Mehmet Genç,Digital Ottoman Studies,2007-12-17,Balkanlarda Osmanlı Varlığı,Konferans;Bölgeler;Balkanlar,Üsküp,42.00542024,21.43451218,MG-190,Üsküp’te İstanbul Günleri,Görüntü,image/jpg,tr,,
191,konferans.jpg,,Mehmet Genç,Digital Ottoman Studies,1990-11,Main Trends in the Ottoman Economy in the Eighteenth Century,Konferans;İktisat;Yüzyıllar;18.Yy,"ABD,Cambridge,MA;Harvard University",42.37685956,-71.11670659,MG-191,Harvard University,Görüntü,image/jpg,eng,,
192,konferans.jpg,,Mehmet Genç,Digital Ottoman Studies,1990-11,Main Trends in the Ottoman Economy in the Eighteenth Century,Konferans;İktisat;Yüzyıllar;18.Yy,"ABD,New York;Columbia University",40.68361921,-73.88280447,MG-192,Columbia University,Görüntü,image/jpg,eng,,
193,konferans.jpg,,Mehmet Genç,Digital Ottoman Studies,2006-11-15,Osmanlı Bütçelerinin Yapısal Özellikleri,Konferans;İktisat;Bütçe,"Almanya,Münih;Ludwig Maximilian University of Munich",48.15189272,11.57980995,MG-193,Ludwig Maximilian University of Munich,Görüntü,image/jpg,tr,,
194,konferans.jpg,,Mehmet Genç,Digital Ottoman Studies,2010-06-24,İktisat Tarihinin İktisat ve Tarih Disiplinleri Arasındaki Konumu ,Konferans;Tarihçilik;İktisat Tarihçiliği,Elazığ,38.67482619,39.22322541,MG-194,"Açılış Tebliği, II. Türk İktisat Tarihi Kongresi",Görüntü,image/jpg,tr,,
195,konferans.jpg,,Mehmet Genç,Digital Ottoman Studies,2010-06-24,İktisat Tarihinin İktisat ve Tarih Disiplinleri Arasındaki Konumu ,Konferans;Tarihçilik;İktisat Tarihçiliği,Elazığ,38.67482619,39.22322541,MG-195,"Sempozyumu Değerlendirme Konuşması, II. Türk İktisat Tarihi Kongresi",Görüntü,image/jpg,tr,,
196,konferans.jpg,,Mehmet Genç,Digital Ottoman Studies,2004-05-17,Osmanlı Bürokrasisi ve İmparatorluk Ölçüsünde İletişim Ağı,Konferans;Devlet;Bürokrasi;İletişim,"Kırgızistan,Bişkek;Kırgızistan-Türkiye Manas Üniversitesi",42.83535161,74.57525069,MG-196,"Kırgızistan-Türkiye Manas Üniversitesi, I. Uluslararası İpek Yolu Tarih ve İletişim Sempozyumu",Görüntü,image/jpg,tr,,
197,konferans.jpg,,Mehmet Genç,Digital Ottoman Studies,2003-10-03,Olive Oil Production Trends in Eighteenth and Nineteenth Centuries in Mitilini,Konferans;İktisat;Sanayii;Zeytinyağı;Yüzyıllar;Şehirler;Mitilini;18.Yy;19.Yy,"Yunanistan,Midilli",39.10144444,26.55148142,MG-197,Mytilini kai Kydonies: Mia Amphidromi schesi sto Voreioanatoliko Aigaio,Görüntü,image/jpg,eng,,
198,konferans.jpg,,Mehmet Genç,Digital Ottoman Studies,1991-12-03,Relation Between Ottoman Economic Structure and State Policy,Konferans;İktisat;İktisadi Yapı;Devlet,"Yunanistan,Atina",38.03419954,23.74015979,MG-198,National Secientific Foundation,Görüntü,image/jpg,eng,,
199,konferans.jpg,,Mehmet Genç,Digital Ottoman Studies,2013-07-27,18. Yüzyılda Osmanlı Dış Ticaretinde Değişme Eğilimleri,Konferans;Ticaret;İhracat;Yüzyıllar;18.Yy,Yalova;Yalova Üniversitesi,40.65277996,29.26981038,MG-199,"Yalova Üniversitesi, Osmanlı Sosyal ve Ekonomik Tarihi Kongresi I",Görüntü,image/jpg,tr,,
200,konferans.jpg,,Mehmet Genç,Digital Ottoman Studies,1991-11-29,Sources Ottomanes sur le Commerce Intérieur et Exteriéur des Ports de la Mediterranée Orientale,Konferans;Ticaret;İç Ticaret;İhracat;Tarihçilik;Kaynaklar;Arşiv;Bölgeler;Doğu Akdeniz,Fransa;CNRS;L'Université d'Aix-Marseille,46.66264567,2.237142037,MG-200,"CNRS, L'Université d'Aix-Marseille, Echanges Maritimes et Contacts Eocio-economiques en Mediterranée et Mers Proches",Görüntü,image/jpg,fr,,
201,konferans.jpg,,Mehmet Genç,Digital Ottoman Studies,2013-04-18,Osmanlı Arşiv Kaynaklarına Göre Hocabey’in (Odessa) Kuruluşu,Konferans;Tarihçilik;Kaynaklar;Arşiv;Şehirler;Odessa;Hocabey,Ukrayna,49.01577033,31.09826854,MG-201,,Görüntü,image/jpg,tr,,
202,konferans.jpg,,Mehmet Genç,Digital Ottoman Studies,1990-11,Ottoman Industry in the Eighteenth Century,Konferans;İktisat;Sanayi;Yüzyıllar;18.Yy,"ABD,Binghamton;State University of New York",42.0895226,-75.9693594,MG-202,"State University of New York, Binghamton, International Conference on Manifacturing in the Ottoman Empire and Turkey 1500-1900",Görüntü,image/jpg,eng,,
203,konferans.jpg,,Mehmet Genç,Digital Ottoman Studies,1990-10,18. Yüzyılda Karadeniz Bölgesinde Ticari İlişkilerin Yapısı,Konferans;Ticaret;Bölgeler;Karadeniz;Yüzyıllar;18.Yy,"Ukrayna,Kiev",50.54203836,30.51845355,MG-203,,Görüntü,image/jpg,tr,,
204,tecrübe.pdf,,Mehmet Genç,Digital Ottoman Studies,2015-02,Tecrübe Konuşuyor,Röportaj;Kişiler;Mehmet Genç,İstanbul,41.1292562,28.88335172,MG-204,Yedikıta Dergisi 78: 60-66,Döküman,application/pdf,tr,https://yedikita.com.tr/hakikati-arayan-insanlara-cok-ihtiyac-var/,
205,röportaj.jpg,,Mehmet Genç,Digital Ottoman Studies,2012-05-27,Tevazuyu Hakikati Ararken Öğrendim,Röportaj;Kişiler;Mehmet Genç,İstanbul,41.1292562,28.88335172,MG-205,Yeni Şafak Gazetesi,Görüntü,image/jpg,tr,https://www.yenisafak.com/yenisafakpazar/tevazuyu-hakikati-ararken-ogrendim-385430,
206,röportaj.jpg,,Mehmet Genç,Digital Ottoman Studies,1996-05-02,Osmanlı Dünyasında Bayramların Fonksiyonu,Röportaj;Toplum;Bayram,,,,MG-206, Kanal TV 7,Görüntü,image/jpg,tr,,
207,derin.jpeg,,Mehmet Genç,Digital Ottoman Studies,2013-07,Röportaj,Röportaj;Kişiler;Mehmet Genç,,,,MG-207,Derin Tarih,Görüntü,image/jpg,tr,,
208,röportaj.jpg,,Mehmet Genç,Digital Ottoman Studies,2013-07-21,Röportaj,Röportaj;Kişiler;Mehmet Genç,,,,MG-208,Star Gazetesi,Görüntü,image/jpg,tr,https://www.star.com.tr/pazar/mehmet-genc-mesele-bulmacayi-cozmekti-unvan-degil-haber-774102/%20(?),
209,röportaj.jpg,0cah5mQjkmY,Mehmet Genç,Digital Ottoman Studies,2019-02-24,Devletin Bekasında İktisadın Yeri Ne?,Röportaj;Kişiler;Mehmet Genç;İktisat,,,,MG-209,"Büyük Sorular Programı, Habertürk TV ",Görüntü,image/jpg,tr,,
210,islamekonomisi.pdf,,Mehmet Genç,Digital Ottoman Studies,,Prof. Mehmet Genç’le Yapılan Bir Röportaj,Röportaj;Kişiler;Mehmet Genç,,,,MG-210,İslam Ekonomisi: Talim ve Tedrik Merkezi,Döküman,application/pdf,tr,https://islamekonomisi.org/osmanli-iktisadi-ve-ilkeleri/,
211,söyleşi.jpg,scUnRAaAPOM,Mehmet Genç,Digital Ottoman Studies,2011-06-01,Osmanlı'da Devlet ve Ekonomi,Söyleşi;Kişiler;Mehmet Genç;İktisat;Devlet,Bilecik,40.16948736,29.9890625,MG-211,,Görüntü,image/jpg,tr,https://www.youtube.com/watch?v=scUnRAaAPOM,
212,söyleşi.jpg,,Mehmet Genç,Digital Ottoman Studies,2013-06-22,İslami Finans Kurumlarının Osmanlı Kökenleri,Söyleşi;Kişiler;Mehmet Genç;İktisat;İslami Finans,"İstanbul,Mecidiyeköy;İstanbul Bilimler Akademisi Vakfı",41.06736567,28.9999182,MG-212,"İstanbul Bilimler Akademisi Vakfı, Murat Çizakça ile birlikte, Bab-ı Tarih Sohbetleri",Görüntü,image/jpg,tr,,
213,söyleşi.jpg,,Mehmet Genç,Digital Ottoman Studies,2013,"Osmanlı İktisadi Kurumları: Vakıflar ve Para Vakıfları, Vergi Sistemi ve Dış Ticaret",Söyleşi;Kişiler;Mehmet Genç;İktisat;Kurumlar;Maliye;Vergi;Ticaret;İhracat;Toplum;Vakıflar;Para Vakfı,"İstanbul,Mecidiyeköy;İstanbul Bilimler Akademisi Vakfı",41.06736567,28.9999182,MG-213,"İstanbul Bilimler Akademisi Vakfı, Murat Çizakça ile birlikte, Bab-ı Tarih Sohbetleri",Görüntü,image/jpg,tr,,
214,söyleşi.jpg,,Mehmet Genç,Digital Ottoman Studies,2013-04-09,Mehmet Genç ile Osmanlı’da Ekonomi,Söyleşi;Kişiler;Mehmet Genç;İktisat,"Kocaeli,İzmit;Kocaeli Büyükşehir Belediyesi;Türkiye Dil ve Edebiyat Derneği Kocaeli Şubesi ",40.76107771,29.93413119,MG-214,"Kocaeli Büyükşehir Belediyesi, Türkiye Dil ve Edebiyat Derneği Kocaeli Şubesi ",Görüntü,image/jpg,tr,https://www.kocaeli.bel.tr/tr/main/news/haberler/3/mehmet-genc-ile-osmanlida-ekonomi/19530,
215,söyleşi.jpg,,Mehmet Genç,Digital Ottoman Studies,2015,Mehmet Genç İle Söyleşi,Söyleşi;Kişiler;Mehmet Genç,,,,MG-215,Sabah Ülkesi: Kültür-sanat ve Felsefe Dergisi,Görüntü,image/jpg,tr,https://www.sabahulkesi.com/2015/08/06/mehmet-genç-ile-söyleşi/,
216,söyleşi.jpg,7C3CR7Arvyg,Mehmet Genç,Digital Ottoman Studies,2017-12-02,Osmanlı İktisadi Sistem,Söyleşi;Kişiler;Mehmet Genç;İktisat;İktisadi Sistem,,,,MG-216,Turing,Görüntü,image/jpg,tr,https://www.youtube.com/watch?v=7C3CR7Arvyg,
217,söyleşi.jpg,aKO07ont-aQ,Mehmet Genç,Digital Ottoman Studies,2017-01-29,Mehmet Genç İle Türk Tarihçiliği,Söyleşi;Kişiler;Mehmet Genç;Tarihçilik;Türk Tarihçiliği,,,,MG-217,Sancaktepe Kültür Sanat,Görüntü,image/jpg,tr,https://www.youtube.com/watch?v=aKO07ont-aQ,
218,söyleşi.jpg,7FePAARZ-Fc,Mehmet Genç,Digital Ottoman Studies,2017,Osmanlı'da İktisat Kültürü,Söyleşi;Kişiler;Mehmet Genç;İktisat;İktisadi Düşünce,"İstanbul,Üsküdar;Mavera Eğitim ve Sağlık Vakfı",41.02069033,29.07188532,MG-218,Mavera Eğitim ve Sağlık Vakfı,Görüntü,image/jpg,tr,https://www.youtube.com/watch?v=7FePAARZ-Fc,
219,söyleşi.jpg,cbTGHlmOQyM,Mehmet Genç,Digital Ottoman Studies,2019-03-02,Osmanlı Tarihine İktisadi Bakış,Söyleşi;Kişiler;Mehmet Genç;İktisat;İktisadi Düşünce,,,,MG-219,Önder Çarşamba Sohbetleri,Görüntü,image/jpg,tr,,
220,söyleşi.jpg,,Mehmet Genç,Digital Ottoman Studies,2018,Mehmet Genç ile Hayatını ve İlim Yolculuğu,Söyleşi;Kişiler;Mehmet Genç,,,,MG-220,Dünya bizim,Görüntü,image/jpg,tr,https://www.dunyabizim.com/soylesi/mehmet-genc-in-hayati-ve-ilim-yolculugu-h28074.html,
221,söyleşi.jpg,,Mehmet Genç,Digital Ottoman Studies,2021,Söyleşi,Söyleşi;Kişiler;Mehmet Genç,,,,MG-221,Dünya bizim,Görüntü,image/jpg,tr,https://www.dunyabizim.com/soylesi/mehmet-genc-osmanlilar-toprak-ve-emek-gibi-sermayeyi-de-kontrol-ediyorlar-h835.html,
222,söyleşi.jpg,,Mehmet Genç,Digital Ottoman Studies,2021-03-19,Artvinli Ünlü Tarihçi Mehmet Genç'le Söyleşi,Söyleşi;Kişiler;Mehmet Genç,,,,MG-222,Türkiye Yazarlar Birliği,Görüntü,image/jpg,tr,https://www.tyb.org.tr/artvinli-unlu-tarihci-mehmet-gencle-soylesi-48477h.htm,
223,söyleşi.jpg,7YjxO9Tz0-E,Mehmet Genç,Digital Ottoman Studies,2019-02-04,15 Sayfayı 10 Senede Yazdım,Söyleşi;Kişiler;Mehmet Genç,,,,MG-223,"Türk Kahvesi Programı, TVNET",Görüntü,image/jpg,tr,https://www.youtube.com/watch?v=7YjxO9Tz0-E&list=WL,
224,söyleşi.jpg,,Mehmet Genç,Digital Ottoman Studies,2020-09-04,Dr. Mehmet Genç ile Söyleşi,Söyleşi;Kişiler;Mehmet Genç,,,,MG-224,,Görüntü,image/jpg,tr,https://www.dunyabulteni.net/genel-degerlendirme/dr-mehmet-genc-ile-soylesi-ayse-bohurler-h476966.html,
225,,0cah5mQjkmY,Mehmet Genç,Digital Ottoman Studies,2019-02-24,Veyis Ateş ile Büyük Sorular Programı ,TV Programı;Tarihçilik;İktisat,İstanbul,41.0766019,29.052495,MG-225,Habertürk,Video,video/mp4,tr,https://www.youtube.com/watch?v=0cah5mQjkmY,
226,,7YjxO9Tz0-E,Mehmet Genç,Digital Ottoman Studies,2019-02-04,Ayşe Böhürler ile Türk Kahvesi Programı,TV Programı,İstanbul,41.0766019,29.052495,MG-226,TVNET,Video,video/mp4,tr,https://www.youtube.com/watch?v=7YjxO9Tz0-E&list=PLAMl0yExTrnp6RhzJ2lj75pinf7quEzmJ&index=96,
227,,excH4TWsmHI,Mehmet Genç,Digital Ottoman Studies,2012-02-22,Salih Tuna ile La Havle Programı,TV Programı,İstanbul,41.0766019,29.052495,MG-227,TVNET,Video,video/mp4,tr,https://www.youtube.com/watch?v=excH4TWsmHI,
228,,tT_HIk4h9aA,Mehmet Genç,Digital Ottoman Studies,2018-07-29,İnsanlık Hali Programı ,TV Programı;Tarihçilik,İstanbul,41.0766019,29.052495,MG-228,TRT Haber,Video,video/mp4,tr,https://www.youtube.com/watch?v=tT_HIk4h9aA,
229,,8_zxDAH2mqM,Mehmet Genç,Digital Ottoman Studies,2018-10-05,"Uluslararası Genç Derneği, Mehmet Genç hayatını anlatıyor",TV Programı,İstanbul,41.0766019,29.052495,MG-229,Akademik Çalışmalar Youtube Kanalı ,Video,video/mp4,tr,https://www.youtube.com/watch?v=8_zxDAH2mqM,
230,,mRhrcZkYpUQ,Mehmet Genç,Digital Ottoman Studies,2017-04-22,"Derin Tarih Programı, Osmanlı Ekonomisinin Bilinmeyenleri",TV Programı;İktisat;İktisadi Sistem;Kapitülasyonlar;Tarihçilik;Dönemlendirme,İstanbul,41.0766019,29.052495,MG-230,Derin Tarih Youtube Kanalı,Video,video/mp4,tr,https://www.youtube.com/watch?v=mRhrcZkYpUQ,
231,,v6VA00gO-Ek,Mehmet Genç,Digital Ottoman Studies,2013-03-17,Makam Arabası Programı 1. Bölüm,TV Programı,İstanbul,41.0766019,29.052495,MG-231,İstanbul Şehir Üniversitesi,Video,video/mp4,tr,https://www.youtube.com/watch?v=v6VA00gO-Ek,
232,,zMIE7gd-ZrI,Mehmet Genç,Digital Ottoman Studies,2013-03-17,Makam Arabası Programı 2. Bölüm,TV Programı,İstanbul,41.0766019,29.052495,MG-232,İstanbul Şehir Üniversitesi,Video,video/mp4,tr,https://www.youtube.com/watch?v=zMIE7gd-ZrI,
233,,muEq--sdMqQ,Mehmet Genç,Digital Ottoman Studies,2013-03-17,Makam Arabası Programı 3. Bölüm,TV Programı,İstanbul,41.0766019,29.052495,MG-233,İstanbul Şehir Üniversitesi,Video,video/mp4,tr,https://www.youtube.com/watch?v=muEq--sdMqQ,
234,,yc7qQUy3VeE,Mehmet Genç,Digital Ottoman Studies,2013-03-17,Makam Arabası Programı 4. Bölüm,TV Programı,İstanbul,41.0766019,29.052495,MG-234,İstanbul Şehir Üniversitesi,Video,video/mp4,tr,https://www.youtube.com/watch?v=yc7qQUy3VeE&t=1426s,
235,,eSrUHkBafws,Mehmet Genç,Digital Ottoman Studies,2011-07-19,Söz Sende Programı,TV Programı,İstanbul,41.0766019,29.052495,MG-235,Habertürk,Video,video/mp4,tr,https://www.youtube.com/watch?v=eSrUHkBafws,
236,,YAwDZCG69v8,Mehmet Genç,Digital Ottoman Studies,2016-04-23,Osmanlı İmparatorluğu'nun Klasik Dönemde Devletin Ekonomiye Bakışı,Konuşma;Klasik Dönem;İktisat;İktisadi Sistem,İstanbul,41.0766019,29.052495,MG-236,Turing Kültür Sanat Youtube Kanalı,Video,video/mp4,tr,https://www.youtube.com/watch?v=YAwDZCG69v8,
237,,j-s8FTJ5h_k,Mehmet Genç,Digital Ottoman Studies,2016-03-30,Osmanlı İktisadi ve İçtimai Sisteminde Vakıflar,Konuşma;Toplum;Vakıflar;İktisat;İktisadi Sistem;Kurumlar,İstanbul,41.0766019,29.052495,MG-237,Türkiye Bilimler Akademisi Youtube Kanalı,Video,video/mp4,tr,https://www.youtube.com/watch?v=j-s8FTJ5h_k,
238,,8r0QMqYB4VQ,Mehmet Genç,Digital Ottoman Studies,2012-02-23,Türkiye’de İktisat Tarihçiliğinin Dünü Bugünü ve Otobiyografik Gözlemler,Konuşma;Tarihçilik;İktisat Tarihçiliği,İstanbul,41.0766019,29.052495,MG-238,Tarih Vakfı Youtube Kanalı,Video,video/mp4,tr,https://www.youtube.com/watch?v=8r0QMqYB4VQ,
239,,aKO07ont-aQ,Mehmet Genç,Digital Ottoman Studies,2017-01-26,Türk Tarihçiliği,Konuşma;Tarihçilik;Türk Tarihçiliği;Kişiler;Erol Güngör,İstanbul,41.0766019,29.052495,MG-239,Sancaktepe Kültür Sanat Youtube Kanalı,Video,video/mp4,tr,https://www.youtube.com/watch?v=aKO07ont-aQ,
240,,7FePAARZ-Fc,Mehmet Genç,Digital Ottoman Studies,2017-11-03,Osmanlı'da İktisat Kültürü,Konuşma;İktisat;İktisadi Düşünce,İstanbul,41.0766019,29.052495,MG-240,Mavera Vakfı Youtube Kanalı,Video,video/mp4,tr,https://www.youtube.com/watch?v=7FePAARZ-Fc,
241,,7C3CR7Arvyg,Mehmet Genç,Digital Ottoman Studies,2017-12-02,Osmanlı İktisadi Sistemi,Konuşma;İktisat;İktisadi Sistem,İstanbul,41.0766019,29.052495,MG-241,Turing Kültür Sanat Youtube Kanalı,Video,video/mp4,tr,https://www.youtube.com/watch?v=7C3CR7Arvyg,
242,,NqzR7sJTLZY,Mehmet Genç,Digital Ottoman Studies,2019-01-20,Türkiye Tarihçiliği,Konuşma;Tarihçilik;Türk Tarihçiliği,İstanbul,41.0766019,29.052495,MG-242,Turing Kültür Sanat Youtube Kanalı,Video,video/mp4,tr,https://www.youtube.com/watch?v=NqzR7sJTLZY,
243,,WaUAF9KQyso,Mehmet Genç,Digital Ottoman Studies,2016-12-03,Türk Tarihçiliği,Konuşma;Tarihçilik;Türk Tarihçiliği,İstanbul,41.0766019,29.052495,MG-243,Turing Kültür Sanat Youtube Kanalı,Video,video/mp4,tr,https://www.youtube.com/watch?v=WaUAF9KQyso,
244,,-xAhzwbnJFA,Mehmet Genç,Digital Ottoman Studies,2017-04-04,Osmanlı Devleti'nin İktisadi Geçmişi,Konferans;İktisat;İktisadi Düşünce;Kişiler;Erol Özvar,İstanbul,41.0766019,29.052495,MG-244,Milli Saraylar Youtube Kanalı,Video,video/mp4,tr,https://www.youtube.com/watch?v=-xAhzwbnJFA,
245,,GuJk16SCoPc,Mehmet Genç,Digital Ottoman Studies,2002-04-29,'Osmanlı İmparatorluğunda Devlet ve Ekonomi'' kitabı üzerine,Konferans;Tarihçilik,İstanbul,41.0766019,29.052495,MG-245,Bisav TV,Video,video/mp4,tr,https://www.youtube.com/watch?v=GuJk16SCoPc,
246,,DSbpmL8L6NQ,Mehmet Genç,Digital Ottoman Studies,2018-07-23,Taşköprülüzade'nin Dünyası Sempozyumu Açılış Oturumu - 16. Yüzyıl Osmanlı Dünyasına Genel Bir Bakış,Sempozyum;16.yy;Kişiler;Taşköprülüzade,İstanbul,41.0766019,29.052495,MG-246,Akademik Çalışmalar Youtube Kanalı ,Video,video/mp4,tr,https://www.youtube.com/watch?v=DSbpmL8L6NQ,
247,,duHXusjLT4w,Mehmet Genç,Digital Ottoman Studies,2019-05-08,Osmanlı İktisadi Sistemi ve Vakıflar,Konferans;Toplum;Vakıflar;İktisat;İktisadi Sistem,Sakarya,40.74211,30.33296,MG-247,Sasgem SAU Youtube Kanalı,Video,video/mp4,tr,https://www.youtube.com/watch?v=duHXusjLT4w,
248,,S19KEz_QRBk,Mehmet Genç,Digital Ottoman Studies,2015-10-14,OSARK - 2015 Açılış Konferansı- I,Konferans;Tarihçilik;Kaynaklar,Sakarya,40.74211,30.33296,MG-248,SAU Tarih Bölümü Youtube Kanalı,Video,video/mp4,tr,https://www.youtube.com/watch?v=S19KEz_QRBk,
249,,YGAoBDc9qmI,Mehmet Genç,Digital Ottoman Studies,2020-10-28,"""Osmanlı İmparatorluğu’nda Devlet ve Ekonomi"" | Marmara Ü. Akademik Yıl Açılış Dersi",Konferans,İstanbul,41.0766019,29.052495,MG-249,Akademik Çalışmalar Youtube Kanalı ,Video,video/mp4,tr,https://www.youtube.com/watch?v=YGAoBDc9qmI,
250,,99eID5HSTbE,Mehmet Genç,Digital Ottoman Studies,2018-12-08,Osmanlı’da Ermeni Esnaflar,Konferans;Ticaret;Esnaf;Toplum;Ermeniler,İstanbul,41.0766019,29.052495,MG-250,Ortaköy Lusavorich Foundation Research Society,Video,video/mp4,tr,https://www.youtube.com/watch?v=99eID5HSTbE,
251,,P-5ZYyauYWc,Mehmet Genç,Digital Ottoman Studies,2013,Türk Tarih Kurumu Sosyal Bilimler Seminerleri - Osmanlı İktisat Tarihi ve Kurumları Üzerine,Konferans;Tarihçilik;İktisat Tarihçiliği;İktisat;Kurumlar,İstanbul,41.0766019,29.052495,MG-251,Akademik Çalışmalar Youtube Kanalı ,Video,video/mp4,tr,https://www.youtube.com/watch?v=P-5ZYyauYWc,
252,,ekv9SJ8qQ6Q,Mehmet Genç,Digital Ottoman Studies,2011-10-30,Mehmet Genç Belgeseli 1. Bölüm,Belgesel,İstanbul,41.0766019,29.052495,MG-252,Tarih TV Youtube Kanalı,Video,video/mp4,tr,https://www.youtube.com/watch?v=ekv9SJ8qQ6Q,
253,,jwZLgGqXp54,Mehmet Genç,Digital Ottoman Studies,2011-10-30,Mehmet Genç Belgeseli 1. Bölüm,Belgesel,İstanbul,41.0766019,29.052495,MG-253,Tarih TV Youtube Kanalı,Video,video/mp4,tr,https://www.youtube.com/watch?v=jwZLgGqXp54,
254,,OnDWbUneQBk,Mehmet Genç,Digital Ottoman Studies,2021-04-11,"""Arhavi'den Arşive"" Mehmet Genç'in Ardından",Konuşma,İstanbul,41.0766019,29.052495,MG-254,İstanbul İktisat Fakültesi Youtube Kanalı,Video,video/mp4,tr,https://www.youtube.com/watch?v=wtsHHiReNTg&t=5103s,
255,dogu.jpg,,Mehmet Genç,Digital Ottoman Studies,2011-01-22,İstanbul Şehir Üniversitesi Doğu Kampüs'ünden bir fotoğraf.,Portre,"İstanbul,Altunizade",41.025594,29.045055,MG-255,Abdullah Bilal Akbulut,Görüntü,image/jpg,,https://pt.trekearth.com/gallery/Middle_East/Turkey/photo1278334.htm,
256,dunyabizim.png,,Mehmet Genç,Digital Ottoman Studies,2021-04-15,Dünya Bizim Röportajı ,Röportaj,İstanbul,41.0766019,29.052495,MG-256,Dünya Bizim,Görüntü,image/png,,https://www.dunyabizim.com/soylesi/mehmet-genc-in-hayati-ve-ilim-yolculugu-h28074.html,
257,dunyabizim2.png,,Mehmet Genç,Digital Ottoman Studies,2021-04-15,Dünya Bizim Röportajı ,Röportaj,İstanbul,41.0766019,29.052495,MG-257,Dünya Bizim,Görüntü,image/png,,https://www.dunyabizim.com/soylesi/mehmet-genc-in-hayati-ve-ilim-yolculugu-h28074.html,
258,kadem.png,,Mehmet Genç,Digital Ottoman Studies,2019,Kadem Semineri,Seminer,İstanbul,41.0766019,29.052495,MG-258,KADEM,Görüntü,image/png,,https://www.kademvakfi.org/Etkinlikler/misafirlerimiz/mehmet-genc-16-14,
259,kadem2.png,,Mehmet Genç,Digital Ottoman Studies,2019,Kadem Semineri,Seminer,İstanbul,41.0766019,29.052495,MG-259,KADEM,Görüntü,image/png,,https://www.kademvakfi.org/Etkinlikler/misafirlerimiz/mehmet-genc-16-14,
260,academia.jpg,,Mehmet Genç,Digital Ottoman Studies,,Academia Profil Fotoğrafı,Portre,İstanbul,41.0766019,29.052495,MG-260,Academia,Görüntü,image/jpg,,https://sehir.academia.edu/MGen%C3%A7,
261,anadolu.jpg,,Mehmet Genç,Digital Ottoman Studies,2019,Halil İnalcık Anma Programı,Anma Programı;İlber Ortaylı;Özer Ergenç,İstanbul,41.0766019,29.052495,MG-261,Anadolu Ajansı,Görüntü,image/jpg,,,
262,anadolu2.jpg,,Mehmet Genç,Digital Ottoman Studies,2015,TÜBA 2015 Ödül Töreni,Ödül Töreni;Recep Tayyip Erdoğan,Ankara,39.93226,32.8609,MG-262,Anadolu Ajansı,Görüntü,image/jpg,,,
263,tuba2015.jpg,,Mehmet Genç,Digital Ottoman Studies,2015,TÜBA 2015 Ödül Töreni,Ödül Töreni;Recep Tayyip Erdoğan,Ankara,39.93226,32.8609,MG-263,Anonim,Görüntü,image/jpg,,http://turknews.ca/toronto-universitesine-turkiyeden-bilim-odulu-,
264,tubaodul.jpg,,Mehmet Genç,Digital Ottoman Studies,2015,TÜBA 2015 Ödül Töreni,Ödül Töreni;Recep Tayyip Erdoğan,Ankara,39.93226,32.8609,MG-264,Anonim,Görüntü,image/jpg,,http://turknews.ca/toronto-universitesine-turkiyeden-bilim-odulu-,
265,derintarih.jpg,,Mehmet Genç,Digital Ottoman Studies,2017-04-06,Derin Tarih Dergisi 5. Yıl Töreni,Portre,"İstanbul,Topkapı",42.02011,28.9216,MG-265,Anonim,Görüntü,image/jpg,,,
266,erolgungor.jpg,,Mehmet Genç,Digital Ottoman Studies,2018-11-27,Erol Güngör Anma Programı,Anma Programı;Doğan Cüceloğlu,İstanbul ,41.0766019,29.052495,MG-266,Anonim,Görüntü,image/jpg,,,
267,kristallale.jpg,,Mehmet Genç,Digital Ottoman Studies,2016,Kristal Lale Ödülleri,Ödül Töreni,İstanbul,41.0766019,29.052495,MG-267,Anonim,Görüntü,image/jpg,,https://www.canligaste.com/tarihci-mehmet-genc-vefat-etti/31428/,
268,marmara.jpg,,Mehmet Genç,Digital Ottoman Studies,2021-03-18,Vefat Haberi,Portre,İstanbul,41.0766019,29.052495,MG-268,Marmara Üniversitesi,Görüntü,image/jpg,,https://www.marmara.edu.tr/news/universitemiz-emekli-ogretim-uyelerinden-dunyaca-unlu-osmanli-tarihcisi-hocamiz-mehmet-genc-vefat-etti,
269,artvin.jpg,,Mehmet Genç,Digital Ottoman Studies,2009-06,Artvin Mehmet Genç Kültür Evi açılışı,Açılış,Artvin,41.18146,41.82616,MG-269,Türkiye Yazarlar Birliği,Görüntü,image/jpg,,https://www.tyb.org.tr/cemal-kurnaz-mehmet-gencle-artvinde-48490h.htm,
270,artvin2.jpg,,Mehmet Genç,Digital Ottoman Studies,2009-06,Artvin Mehmet Genç Kültür Evi açılışı,Açılış,Artvin,41.18146,41.82616,MG-270,Türkiye Yazarlar Birliği,Görüntü,image/jpg,,https://www.tyb.org.tr/cemal-kurnaz-mehmet-gencle-artvinde-48490h.htm,
271,artvin3.jpg,,Mehmet Genç,Digital Ottoman Studies,2009-06,Artvin Mehmet Genç Kültür Evi açılışı,Açılış,Artvin,41.18146,41.82616,MG-271,Türkiye Yazarlar Birliği,Görüntü,image/jpg,,https://www.tyb.org.tr/cemal-kurnaz-mehmet-gencle-artvinde-48490h.htm,
272,artvin4.jpg,,Mehmet Genç,Digital Ottoman Studies,2009-06,Artvin Mehmet Genç Kültür Evi açılışı,Açılış,Artvin,41.18146,41.82616,MG-272,Türkiye Yazarlar Birliği,Görüntü,image/jpg,,https://www.tyb.org.tr/cemal-kurnaz-mehmet-gencle-artvinde-48490h.htm,
273,yedikıta.jpg,,Mehmet Genç,Digital Ottoman Studies,2015,Yedikıta Dergisi Röportaj,Röportaj,İstanbul,41.0766019,29.052495,MG-273,Yedi Kıta Dergisi,Görüntü,image/jpg,,https://yedikita.com.tr/hakikati-arayan-insanlara-cok-ihtiyac-var/,
274,,dc-RXpDduQk,Mehmet Genç,Digital Ottoman Studies,2021-03-19,Osmanlı ekonomi tarihine adanmış bir ömür: Mehmet Genç,Haber,İstanbul,41.0766019,29.052495,MG-274,Anadolu Ajansı,Video,video/mp4,,https://www.youtube.com/watch?v=dc-RXpDduQk&t=11s,
275,twitter.jpg,,Mehmet Genç,Digital Ottoman Studies,,Mehmet Genç,Portre,İstanbul,41.0766019,29.052495,MG-275,Zeynep Çiğdem Hanım Twitter Hesabı,Görüntü,image/jpg,,,
276,twitter2.jpg,,Mehmet Genç,Digital Ottoman Studies,2020,Mehmet Genç Evinde,Portre,"İstanbul,Koşuyolu",41.0136581,29.0367041,MG-276,Zeynep Çiğdem Hanım Twitter Hesabı,Görüntü,image/jpg,,,
277,twitter3.jpg,,Mehmet Genç,Digital Ottoman Studies,2020,Mehmet Genç Çalışırken,Portre,Yalova,40.6549287,29.283525,MG-277,Zeynep Çiğdem Hanım Twitter Hesabı,Görüntü,image/jpg,,,
278,twitter4.jpg,,Mehmet Genç,Digital Ottoman Studies,2020,Mehmet Genç Evinde,Portre,"İstanbul,Koşuyolu",41.0136581,29.0367041,MG-278,Zeynep Çiğdem Hanım Twitter Hesabı,Görüntü,image/jpg,,,
279,twitter5.jpg,,Mehmet Genç,Digital Ottoman Studies,2020,Mehmet Genç Evinde;Fehmi Yılmaz,Portre,"İstanbul,Koşuyolu",41.0136581,29.0367041,MG-279,Zeynep Çiğdem Hanım Twitter Hesabı,Görüntü,image/jpg,,,
280,twitter6.jpg,,Mehmet Genç,Digital Ottoman Studies,2020,Mehmet Genç,Portre,Yalova,40.6549287,29.283525,MG-280,Zeynep Çiğdem Hanım Twitter Hesabı,Görüntü,image/jpg,,,
281,leiden.jpg,,Mehmet Genç,Digital Ottoman Studies,2008-12-03,İsmail Hakkı Kadı'nın Leiden Üniversitesi'ndeki Doktora Savunması,Doktora savunması,"Hollanda,Leiden",52.1572143,4.48524118,MG-281,İsmail Hakkı Kadı Twitter Hesabı,Görüntü,image/jpg,,,
282,leiden2.jpg,,Mehmet Genç,Digital Ottoman Studies,2008-12-03,İsmail Hakkı Kadı'nın Leiden Üniversitesi'ndeki Doktora Savunması,Doktora savunması,"Hollanda,Leiden",52.1572143,4.48524118,MG-282,İsmail Hakkı Kadı Twitter Hesabı,Görüntü,image/jpg,,,
283,leiden3.jpg,,Mehmet Genç,Digital Ottoman Studies,2008-12-03,İsmail Hakkı Kadı'nın Leiden Üniversitesi'ndeki Doktora Savunması,Doktora savunması,"Hollanda,Leiden",52.1572143,4.48524118,MG-283,İsmail Hakkı Kadı Twitter Hesabı,Görüntü,image/jpg,,,
284,leiden4.jpg,,Mehmet Genç,Digital Ottoman Studies,2008-12-03,İsmail Hakkı Kadı'nın Leiden Üniversitesi'ndeki Doktora Savunması,Doktora savunması,"Hollanda,Leiden",52.1572143,4.48524118,MG-284,İsmail Hakkı Kadı Twitter Hesabı,Görüntü,image/jpg,,,
285,leiden5.jpg,,Mehmet Genç,Digital Ottoman Studies,2008-12-03,İsmail Hakkı Kadı'nın Leiden Üniversitesi'ndeki Doktora Savunması,Doktora savunması,"Hollanda,Leiden",52.1572143,4.48524118,MG-285,İsmail Hakkı Kadı Twitter Hesabı,Görüntü,image/jpg,,,
286,leiden6.jpg,,Mehmet Genç,Digital Ottoman Studies,2008-12-04,"İsmail Hakkı Kadı'nın Leiden Üniversitesi'ndeki Doktora Savunması,Erol Güngör",Gezi;Erol Özvar,"Hollanda,Amsterdam",52.1572143,4.48524118,MG-286,İsmail Hakkı Kadı Twitter Hesabı,Görüntü,image/jpg,,https://twitter.com/IsmailHakkiKadi/status/1373389948880105476?s=20,
287,leiden7.jpg,,Mehmet Genç,Digital Ottoman Studies,2008-12-03,İsmail Hakkı Kadı'nın Leiden Üniversitesi'ndeki Doktora Savunması,Doktora savunması,"Hollanda,Leiden",52.1572143,4.48524118,MG-287,İsmail Hakkı Kadı Twitter Hesabı,Görüntü,image/jpg,,,
288,leiden8.jpg,,Mehmet Genç,Digital Ottoman Studies,2008-12-03,İsmail Hakkı Kadı'nın Leiden Üniversitesi'ndeki Doktora Savunması,Doktora savunması,"Hollanda,Leiden",52.1572143,4.48524118,MG-288,İsmail Hakkı Kadı Twitter Hesabı,Görüntü,image/jpg,,,
289,leiden9.jpg,,Mehmet Genç,Digital Ottoman Studies,2008-12-03,İsmail Hakkı Kadı'nın Leiden Üniversitesi'ndeki Doktora Savunması,Doktora savunması,"Hollanda,Leiden",52.1572143,4.48524118,MG-289,İsmail Hakkı Kadı Twitter Hesabı,Görüntü,image/jpg,,,
290,istanbuldersi.jpg,,Mehmet Genç,Digital Ottoman Studies,2019,İstanbul Şehir Üniversitesi İstanbul Tarihi Dersi 2019-Bahar,Ders;Yunus Uğur,"İstanbul,Altunizade",41.025594,29.045055,MG-290,Anonim,Görüntü,image/jpg,,,
291,kenanyildiz.jpg,,Mehmet Genç,Digital Ottoman Studies,,Mehmet Genç,Portre,"İstanbul,Altunizade",41.025594,29.045055,MG-291,Kenan Yıldız Twitter Hesabı,Görüntü,image/jpg,,https://twitter.com/kenaniyldz/status/1384952484465152003?s=20,
292,mezuniyet.jpg,,Mehmet Genç,Digital Ottoman Studies,2018,İstanbul Şehir Üniversitesi Mezuniyet Buluşması,Öğrenci Buluşması,"İstanbul,Dragos",40.9039918,29.1542861,MG-292,Anonim,Görüntü,image/jpg,,,
293,nimet.jpg,,Mehmet Genç,Digital Ottoman Studies,2019,İstanbul Şehir Üniversitesi Paleografya Dersi,Ders;Fehmi Yılmaz,"İstanbul,Altunizade",41.025594,29.045055,MG-293,Nimet İpek Twitter Hesabı,Görüntü,image/jpg,,,
294,ders19.jpg,,Mehmet Genç,Digital Ottoman Studies,2019,İstanbul Şehir Üniversitesi Paleografya Dersi,Ders,"İstanbul,Altunizade",41.025594,29.045055,MG-294,Anonim,Görüntü,image/jpg,,,
296,paleografi18.jpg,,Mehmet Genç,Digital Ottoman Studies,2018,İstanbul Şehir Üniversitesi Paleografya Dersi,Ders,"İstanbul,Altunizade",41.025594,29.045055,MG-296,Anonim,Görüntü,image/jpg,,,
297,paleografi2018.jpg,,Mehmet Genç,Digital Ottoman Studies,2018,İstanbul Şehir Üniversitesi Paleografya Dersi,Ders,"İstanbul,Altunizade",41.025594,29.045055,MG-297,Anonim,Görüntü,image/jpg,,,
298,iftar.jpg,,Mehmet Genç,Digital Ottoman Studies,2019,İstanbul Şehir Üniversitesi Tarih Bölümü İftar Programı,Öğrenci Buluşması,"İstanbul,Dragos",40.9039918,29.1542861,MG-298,Anonim,Görüntü,image/jpg,,,
299,lacivert.pdf,,Mehmet Genç,Digital Ottoman Studies,2021-04,Vefatının ardından Coşkun Yılmaz ile Lacivert Dergisi'nde yapılan röportaj,Vefayat;Söyleşi;Coşkun Yılmaz,,,,MG-299,Lacivert Dergisi,Döküman,application/pdf,tr,,
300,ulesam.pdf,,Mehmet Genç,Digital Ottoman Studies,2021-04-22,Vefatının ardından Aslıhan Nakiboğlu tarafından hazırlanan araştırma-inceleme yazısı,Araştırma;Aslıhan Nakiboğlu,,,,MG-300,Ulesam,Döküman,application/pdf,tr,https://ulesam.org/osmanli-iktisat-tarihinde-bir-cinar-mehmet-genc.html,
301,gercekhayat.jpg,,Mehmet Genç,Digital Ottoman Studies,2018-09-10,Osmanlı Arşivi İslam'ın Arşividir başlıklı röportaj,Röportaj,İstanbul,41.0766019,29.052495,MG-301,Gerçek Hayat,Görüntü,image/jpg,,http://www.gercekhayat.com.tr/roportaj/osmanli-arsivi-islamin-arsividir/,
302,zeyrek.jpg,,Mehmet Genç,Digital Ottoman Studies,2016,Zeyrek Gezisi,Gezi;Yunus Uğur,"İstanbul,Zeyrek",41.01797865,28.9569942,MG-302,Beyza Topuz Demir,Görüntü,image/jpg,,,
303,zeyrek1.jpg,,Mehmet Genç,Digital Ottoman Studies,2016,Zeyrek Gezisi,Gezi;Yunus Uğur,"İstanbul,Zeyrek",41.01797865,28.9569942,MG-303,Beyza Topuz Demir,Görüntü,image/jpg,,,
304,zeyrek2.jpg,,Mehmet Genç,Digital Ottoman Studies,2016,Zeyrek Gezisi,Gezi;Yunus Uğur,"İstanbul,Zeyrek",41.01797865,28.9569942,MG-304,Beyza Topuz Demir,Görüntü,image/jpg,,,
305,zeyrek3.jpg,,Mehmet Genç,Digital Ottoman Studies,2016,Zeyrek Gezisi,Gezi;Yunus Uğur,"İstanbul,Zeyrek",41.01797865,28.9569942,MG-305,Beyza Topuz Demir,Görüntü,image/jpg,,,
306,zeyrek4.jpg,,Mehmet Genç,Digital Ottoman Studies,2016,Zeyrek Gezisi,Gezi;Yunus Uğur,"İstanbul,Zeyrek",41.01797865,28.9569942,MG-306,Beyza Topuz Demir,Görüntü,image/jpg,,,
308,sehir16.jpg,,Mehmet Genç,Digital Ottoman Studies,2016,İstanbul Şehir Üniversitesi,Portre,"İstanbul,Altunizade",41.025594,29.045055,MG-308,Beyza Topuz Demir,Görüntü,image/jpg,,,
309,sakarya.jpg,,Mehmet Genç,Digital Ottoman Studies,2019-05-08,Sakarya Üniversitesi Osmanlı İktisadi Sistemi ve Vakıflar Konferansı,Konferans,Sakarya,40.74211,30.33296,MG-309,Sakarya Üniversitesi,Görüntü,image/jpg,,https://haber.sakarya.edu.tr/osmanli-iktisadi-sistemi-ve-vakiflar-h89685.html,
310,sakarya1.jpg,,Mehmet Genç,Digital Ottoman Studies,2019-05-08,Sakarya Üniversitesi Osmanlı İktisadi Sistemi ve Vakıflar Konferansı,Konferans,Sakarya,40.74211,30.33296,MG-310,Sakarya Üniversitesi,Görüntü,image/jpg,,https://haber.sakarya.edu.tr/osmanli-iktisadi-sistemi-ve-vakiflar-h89685.html,
311,sakarya2.jpg,,Mehmet Genç,Digital Ottoman Studies,2019-05-08,Sakarya Üniversitesi Osmanlı İktisadi Sistemi ve Vakıflar Konferansı,Konferans,Sakarya,40.74211,30.33296,MG-311,Sakarya Üniversitesi,Görüntü,image/jpg,,https://haber.sakarya.edu.tr/osmanli-iktisadi-sistemi-ve-vakiflar-h89685.html,
312,samblog.jpg,,Mehmet Genç,Digital Ottoman Studies,2020-01-04,İstanbul Şehir Üniversitesi,Portre,"İstanbul,Altunizade",41.025594,29.045055,MG-312,Samblog,Görüntü,image/jpg,,http://samblog.org/yonetim-kurulu-uyemiz-mehmet-genc-tuba-akademi-seref-uyesi-secildi/,
313,yenisafak.jpg,,Mehmet Genç,Digital Ottoman Studies,2012-05-27,Yeni Şafak Gazetesi Tevazuyu Hakikati Ararken Öğrendim Başlıklı Röportajı,Röportaj,İstanbul,41.0766019,29.052495,MG-313,Yeni Şafak Gazetesi,Görüntü,image/jpg,,https://www.yenisafak.com/yenisafakpazar/tevazuyu-hakikati-ararken-ogrendim-385430,
314,dunyabizim3.jpg,,Mehmet Genç,Digital Ottoman Studies,2021-03-19,Osmanlı Kapitalizm İlişkisi Başlıklı Söyleşi,Söyleşi,"İstanbul,Altunizade",41.025594,29.045055,MG-314,Dünyabizim,Görüntü,image/jpg,,https://www.dunyabizim.com/soylesi/mehmet-genc-osmanlilar-toprak-ve-emek-gibi-sermayeyi-de-kontrol-ediyorlar-h835.html,
315,dunyabizim4.jpg,,Mehmet Genç,Digital Ottoman Studies,2021-03-19,Osmanlı Kapitalizm İlişkisi Başlıklı Söyleşi,Söyleşi,"İstanbul,Altunizade",41.025594,29.045055,MG-315,Dünyabizim,Görüntü,image/jpg,,https://www.dunyabizim.com/soylesi/mehmet-genc-osmanlilar-toprak-ve-emek-gibi-sermayeyi-de-kontrol-ediyorlar-h835.html,
316,,eGjmJTF7_r4,Mehmet Genç,Digital Ottoman Studies,2021-05-03,Mehmet Genç'i Anma ve Anlama Paneli,Panel,,,,MG-316,Tarihçiler Medya Youtube Kanalı,Video,video/mp4,,https://www.youtube.com/watch?v=eGjmJTF7_r4&t=272s,
317,yalova.jpg,,Mehmet Genç,Digital Ottoman Studies,2013-08-02,Osmanlı Sosyal ve Ekonomik Tarihi Sempozyumu,Sempozyum,Yalova,40.6527099,29.2692093,MG-317,Yalova Üniversitesi,Görüntü,image/jpg,,https://www.yalova.edu.tr/tr/Page/Icerik/sempozyum-osmanli-sosyal-ve-ekonomik-tarihi,
318,,eGjmJTF7_r4&t=272s,Mehmet Genç,Digital Ottoman Studies,,Marmara Kıraathanesi,Belgesel,İstanbul,41.0766019,29.052495,MG-318,Yedirenk Film Youtube Kanalı,Video,video/mp4,,https://www.youtube.com/watch?v=wStjfRjByXI,
319,isam.jpg,,Mehmet Genç,Digital Ottoman Studies,2020-04-21,İsam Cuma Toplantıları,Toplantı;İsmail Erünsal,"İstanbul, Altunizade",41.025594,29.045055,MG-319,Kenan Yıldız Twitter Hesabı,Görüntü,image/jpg,,https://twitter.com/kenaniyldz/status/1252349526708346881,
320,isam2.jpg,,Mehmet Genç,Digital Ottoman Studies,2020-04-21,İsam Cuma Toplantıları,Toplantı;İsmail Erünsal;Erol Özvar,"İstanbul,Altunizade",41.025594,29.045055,MG-320,Kenan Yıldız Twitter Hesabı,Görüntü,image/jpg,,https://twitter.com/kenaniyldz/status/1252349526708346881,
321,isam3.jpg,,Mehmet Genç,Digital Ottoman Studies,2020-04-21,İsam Cuma Toplantıları,Toplantı;İsmail Erünsal;Abdurrahman Atçıl,"İstanbul,Altunizade",41.025594,29.045055,MG-321,Kenan Yıldız Twitter Hesabı,Görüntü,image/jpg,,https://twitter.com/kenaniyldz/status/1252349526708346881,
322,dailysabah.pdf,,Mehmet Genç,Digital Ottoman Studies,2021-03-29,Vefatının ardından Daily Sabah Gazetesinde yayınlanan Hakan Asrlanbenzer'in yazısı,Vefayat;Hakan Arslanbenzer,,,,MG-322,Daily Sabah,Döküman,application/pdf,tr,https://www.dailysabah.com/arts/portrait/mehmet-genc-legendary-turkish-historian-of-ottoman-economics,
323,bilig.pdf,,Mehmet Genç,Digital Ottoman Studies,2021,Vefatının ardından Bilig Dergisinde yayınlanan Murat Çizakça'nın yazısı,Vefayat;Murat Çizakça,,,,MG-323,Bilig,Döküman,application/pdf,eng,,
324,trtworld.pdf,,Mehmet Genç,Digital Ottoman Studies,2021-03-19,Vefatının ardından yayınlanan yazı,Vefayat,,,,MG-324,TRT World,Döküman,application/pdf,eng,https://www.trtworld.com/magazine/giant-of-ottoman-economic-history-mehmet-genc-laid-to-rest-45158,
325,kucukali.pdf,,Mehmet Genç,Digital Ottoman Studies,2015,Osmanlı İmparatorluğu’nda Devlet ve Ekonomi isimli kitap hakkında Murathan Küçükali'nin değerlendirmesi,Kitap Değerlendirmesi;Murathan Küçükali,,,,MG-325,Ötüken,Döküman,application/pdf,tr,,
326,literatur.pdf,,Mehmet Genç,Digital Ottoman Studies,2003,Osmanlı İmparatorluğu’nda Devlet ve Ekonomi isimli kitap hakkında anonim bir değerlendirme,Kitap Değerlendirmesi;Fehmi Yılmaz,,,,MG-326,Literatür Dergisi,Döküman,application/pdf,tr,,
327,turkishstudies.pdf,,Mehmet Genç,Digital Ottoman Studies,2001,Osmanlı İmparatorluğu’nda Devlet ve Ekonomi isimli kitap hakkında Erol Özvar'ın değerlendirmesi,Kitap Değerlendirmesi;Erol Özvar,,,,MG-327,Turkish Studies Association Bulletin,Döküman,application/pdf,eng,,
328,eldem.pdf,,Mehmet Genç,Digital Ottoman Studies,2013,"""Mehmet Genç'in Osmanlı Klasik Sistemini Algılayışı"" Edhem Eldem",Kitap Bölümü;Portre;Kişiler;Edhem Eldem,İstanbul,41.0766019,29.052495,MG-328,"Türk Tarihçiliğinde Dört Sima, Timaş Yayınları, 173-184. ",Döküman,application/pdf,tr,,
329,erolozvar.pdf,,Mehmet Genç,Digital Ottoman Studies,2013,"Erol Özvar'ın ""Mehmet Genç: Belgeden Modele Uzanan Bir Portre"" isimli makalesi",Kitap Bölümü;Portre;Kişiler;Erol Özvar,İstanbul,41.0766019,29.052495,MG-329,"Türk Tarihçiliğinde Dört Sima, Timaş Yayınları, 233-248.",Döküman,application/pdf,tr,,
330,salzmann.pdf,,Mehmet Genç,Digital Ottoman Studies,2013,"Ariel Salzmann'ın ""Mehmet Genç, İktisat Tarihçisi"" adlı makalesi",Kitap Bölümü;Portre;Kişiler;Ariel Salzmann,İstanbul,41.0766019,29.052495,MG-330,"Türk Tarihçiliğinde Dört Sima, Timaş Yayınları, 195-212",,application/pdf,tr,,
331,kucukkalay.pdf,,Mehmet Genç,Digital Ottoman Studies,2013,"Abdullah Mesud Küçükkalay'ın ""Bir Entelektüel Olarak Mehmet Genç: Milli Tarih Şuuru Oluşturmak ya da Türk-İslam Ahlâkı ve Osmanlı'nın Ruhu"" başlıklı makalesi",Kitap Bölümü;Portre;Kişiler;Abdullah Mesud Küçükkalay,İstanbul,41.0766019,29.052495,MG-331,"Türk Tarihçiliğinde Dört Sima, Timaş Yayınları, 213-248.",,application/pdf,tr,,
332,mustafaozel.jpg,,Mehmet Genç,Digital Ottoman Studies,2021,Mustafa Özel ile Mehmet Genç,Portre,İstanbul,41.0766019,29.052495,MG-332,Mustafa Özel Twitter Hesabı,Görüntü,image/jpg,,https://twitter.com/MustafaOzelden/status/1390251939091341318?s=20,
333,karpat.jpeg,,Mehmet Genç,Digital Ottoman Studies,2019,Kemal Karpat'ı Anma Toplantısı,Toplantı;Kişiler;Kemal Karpat,"İstanbul,Dragos",40.9039918,29.1542861,MG-333,Büşranur Bekman,Görüntü,image/jpeg,,,
